ano,aeropuerto,pais,eventos_de_rechazo,ingresos,entidad,cve_entidad,visa
2017,aguascalientes,estados_unidos,2,39103,aguascalientes,01,no
2017,cancun,afganistan,4,79,quintana_roo,23,si
2017,cancun,albania,12,885,quintana_roo,23,si
2017,cancun,alemania,11,138664,quintana_roo,23,no
2017,cancun,arabia_saudita,2,2325,quintana_roo,23,si
2017,cancun,argelia,3,411,quintana_roo,23,si
2017,cancun,argentina,109,280480,quintana_roo,23,no
2017,cancun,armenia,25,854,quintana_roo,23,si
2017,cancun,australia,1,38568,quintana_roo,23,no
2017,cancun,bahamas_commonwealth,1,459,quintana_roo,23,no
2017,cancun,belgica,8,26327,quintana_roo,23,no
2017,cancun,belice,2,3021,quintana_roo,23,no
2017,cancun,bielorrusia,2,1433,quintana_roo,23,no
2017,cancun,bolivia,20,8815,quintana_roo,23,no
2017,cancun,bosnia_herzegovina,1,607,quintana_roo,23,no
2017,cancun,brasil,180,165137,quintana_roo,23,no
2017,cancun,bulgaria,4,3198,quintana_roo,23,no
2017,cancun,camerun,2,153,quintana_roo,23,si
2017,cancun,canada,51,1011060,quintana_roo,23,no
2017,cancun,checa_rep,4,6085,quintana_roo,23,no
2017,cancun,chile,31,73915,quintana_roo,23,no
2017,cancun,china,49,58121,quintana_roo,23,si
2017,cancun,colombia,734,188805,quintana_roo,23,no
2017,cancun,congo_rep,1,18,quintana_roo,23,no
2017,cancun,costa_rica,11,31081,quintana_roo,23,no
2017,cancun,cuba,302,60982,quintana_roo,23,si
2017,cancun,dinamarca,1,9516,quintana_roo,23,no
2017,cancun,dominicana_rep,16,5409,quintana_roo,23,si
2017,cancun,ecuador,43,12751,quintana_roo,23,no
2017,cancun,egipto,3,1343,quintana_roo,23,si
2017,cancun,el_salvador,12,5715,quintana_roo,23,si
2017,cancun,eritrea,4,24,quintana_roo,23,si
2017,cancun,eslovaquia,1,3971,quintana_roo,23,no
2017,cancun,espana,43,172934,quintana_roo,23,no
2017,cancun,estados_unidos,487,4060709,quintana_roo,23,no
2017,cancun,etiopia,6,201,quintana_roo,23,si
2017,cancun,filipinas,10,5331,quintana_roo,23,si
2017,cancun,francia,9,118786,quintana_roo,23,no
2017,cancun,georgia,1,213,quintana_roo,23,si
2017,cancun,grecia,1,1919,quintana_roo,23,no
2017,cancun,guatemala,14,12516,quintana_roo,23,si
2017,cancun,guyana,4,612,quintana_roo,23,si
2017,cancun,haiti,10,1048,quintana_roo,23,si
2017,cancun,honduras,10,2885,quintana_roo,23,si
2017,cancun,india,95,23698,quintana_roo,23,si
2017,cancun,indonesia,2,874,quintana_roo,23,si
2017,cancun,irak,2,267,quintana_roo,23,si
2017,cancun,iran,4,2970,quintana_roo,23,si
2017,cancun,irlanda,2,19166,quintana_roo,23,no
2017,cancun,israel,12,23795,quintana_roo,23,no
2017,cancun,italia,34,105446,quintana_roo,23,no
2017,cancun,jamaica,7,2660,quintana_roo,23,no
2017,cancun,jordania,4,550,quintana_roo,23,si
2017,cancun,kazajistan,2,1037,quintana_roo,23,si
2017,cancun,kirguistan,8,255,quintana_roo,23,si
2017,cancun,libano,5,1124,quintana_roo,23,si
2017,cancun,lituania,2,3699,quintana_roo,23,no
2017,cancun,marruecos,5,1567,quintana_roo,23,si
2017,cancun,mauricio,1,142,quintana_roo,23,si
2017,cancun,moldavia,1,847,quintana_roo,23,si
2017,cancun,nepal,2,552,quintana_roo,23,si
2017,cancun,nicaragua,12,1450,quintana_roo,23,si
2017,cancun,nigeria,6,1115,quintana_roo,23,si
2017,cancun,paises_bajos_holanda,1,38110,quintana_roo,23,no
2017,cancun,pakistan,3,1171,quintana_roo,23,si
2017,cancun,palestina,1,135,quintana_roo,23,si
2017,cancun,panama,7,15124,quintana_roo,23,no
2017,cancun,paraguay,3,15605,quintana_roo,23,no
2017,cancun,peru,80,55463,quintana_roo,23,no
2017,cancun,polonia,4,30544,quintana_roo,23,no
2017,cancun,portugal,6,33272,quintana_roo,23,no
2017,cancun,reino_unido,29,435160,quintana_roo,23,no
2017,cancun,rumania,153,7658,quintana_roo,23,no
2017,cancun,rusia,25,22225,quintana_roo,23,si
2017,cancun,santa_lucia,1,131,quintana_roo,23,si
2017,cancun,serbia,9,1843,quintana_roo,23,si
2017,cancun,sierra_leona,1,41,quintana_roo,23,si
2017,cancun,siria,3,270,quintana_roo,23,si
2017,cancun,sudafrica,7,2934,quintana_roo,23,si
2017,cancun,suecia,1,27159,quintana_roo,23,no
2017,cancun,suiza,1,24201,quintana_roo,23,no
2017,cancun,tailandia,1,1082,quintana_roo,23,si
2017,cancun,taiwan,31,2794,quintana_roo,23,si
2017,cancun,tanzania,1,98,quintana_roo,23,si
2017,cancun,trinidad_y_tobago,3,5326,quintana_roo,23,no
2017,cancun,turquia,7,4673,quintana_roo,23,si
2017,cancun,ucrania,4,9805,quintana_roo,23,si
2017,cancun,uganda,2,83,quintana_roo,23,si
2017,cancun,uruguay,1,22622,quintana_roo,23,no
2017,cancun,uzbekistan,12,615,quintana_roo,23,si
2017,cancun,venezuela,740,15739,quintana_roo,23,no
2017,cancun,vietnam,8,2050,quintana_roo,23,si
2017,cdmx,afganistan,4,37,ciudad_de_mexico,09,si
2017,cdmx,albania,24,166,ciudad_de_mexico,09,si
2017,cdmx,alemania,13,112947,ciudad_de_mexico,09,no
2017,cdmx,angola,1,164,ciudad_de_mexico,09,si
2017,cdmx,arabia_saudita,1,671,ciudad_de_mexico,09,si
2017,cdmx,argelia,6,366,ciudad_de_mexico,09,si
2017,cdmx,argentina,177,183692,ciudad_de_mexico,09,no
2017,cdmx,armenia,37,253,ciudad_de_mexico,09,si
2017,cdmx,australia,5,29293,ciudad_de_mexico,09,no
2017,cdmx,austria,3,11052,ciudad_de_mexico,09,no
2017,cdmx,azerbaiyan,1,122,ciudad_de_mexico,09,si
2017,cdmx,bahrein,1,53,ciudad_de_mexico,09,si
2017,cdmx,bangladesh,4,405,ciudad_de_mexico,09,si
2017,cdmx,belgica,3,12234,ciudad_de_mexico,09,no
2017,cdmx,belice,4,685,ciudad_de_mexico,09,no
2017,cdmx,bielorrusia,2,567,ciudad_de_mexico,09,no
2017,cdmx,bolivia,18,9982,ciudad_de_mexico,09,no
2017,cdmx,bosnia_herzegovina,1,204,ciudad_de_mexico,09,no
2017,cdmx,botsuana,1,26,ciudad_de_mexico,09,si
2017,cdmx,brasil,664,195457,ciudad_de_mexico,09,no
2017,cdmx,bulgaria,2,1983,ciudad_de_mexico,09,no
2017,cdmx,cabo_verde,1,31,ciudad_de_mexico,09,si
2017,cdmx,camboya,1,53,ciudad_de_mexico,09,si
2017,cdmx,camerun,84,237,ciudad_de_mexico,09,si
2017,cdmx,canada,25,227196,ciudad_de_mexico,09,no
2017,cdmx,checa_rep,1,7535,ciudad_de_mexico,09,no
2017,cdmx,chile,100,101611,ciudad_de_mexico,09,no
2017,cdmx,china,659,64870,ciudad_de_mexico,09,si
2017,cdmx,colombia,3906,286488,ciudad_de_mexico,09,no
2017,cdmx,congo_rep,2,87,ciudad_de_mexico,09,no
2017,cdmx,congo_rep_dem,3,118,ciudad_de_mexico,09,si
2017,cdmx,corea_rep_sur,5,43115,ciudad_de_mexico,09,no
2017,cdmx,costa_de_marfil,1,197,ciudad_de_mexico,09,si
2017,cdmx,costa_rica,91,97459,ciudad_de_mexico,09,no
2017,cdmx,croacia,1,1643,ciudad_de_mexico,09,no
2017,cdmx,cuba,334,51304,ciudad_de_mexico,09,si
2017,cdmx,dinamarca,15,8512,ciudad_de_mexico,09,no
2017,cdmx,dominicana_rep,65,11181,ciudad_de_mexico,09,si
2017,cdmx,ecuador,201,52417,ciudad_de_mexico,09,no
2017,cdmx,egipto,13,1159,ciudad_de_mexico,09,si
2017,cdmx,el_salvador,51,54623,ciudad_de_mexico,09,si
2017,cdmx,eritrea,9,10,ciudad_de_mexico,09,si
2017,cdmx,eslovaquia,1,3074,ciudad_de_mexico,09,no
2017,cdmx,eslovenia,1,1341,ciudad_de_mexico,09,no
2017,cdmx,espana,134,191901,ciudad_de_mexico,09,no
2017,cdmx,estados_unidos,243,1696647,ciudad_de_mexico,09,no
2017,cdmx,estonia,1,967,ciudad_de_mexico,09,no
2017,cdmx,filipinas,10,6827,ciudad_de_mexico,09,si
2017,cdmx,finlandia,1,3898,ciudad_de_mexico,09,no
2017,cdmx,fiyi_islas,2,39,ciudad_de_mexico,09,si
2017,cdmx,francia,27,130340,ciudad_de_mexico,09,no
2017,cdmx,georgia,2,209,ciudad_de_mexico,09,si
2017,cdmx,ghana,6,243,ciudad_de_mexico,09,si
2017,cdmx,grecia,1,2867,ciudad_de_mexico,09,no
2017,cdmx,guatemala,46,127341,ciudad_de_mexico,09,si
2017,cdmx,guinea,1,400,ciudad_de_mexico,09,si
2017,cdmx,haiti,69,1447,ciudad_de_mexico,09,si
2017,cdmx,honduras,34,33301,ciudad_de_mexico,09,si
2017,cdmx,hong_kong_china,1,1738,ciudad_de_mexico,09,no
2017,cdmx,hungria,1,4016,ciudad_de_mexico,09,no
2017,cdmx,india,321,24419,ciudad_de_mexico,09,si
2017,cdmx,indonesia,1,1878,ciudad_de_mexico,09,si
2017,cdmx,irak,7,104,ciudad_de_mexico,09,si
2017,cdmx,iran,13,1165,ciudad_de_mexico,09,si
2017,cdmx,irlanda,3,6255,ciudad_de_mexico,09,no
2017,cdmx,israel,11,17411,ciudad_de_mexico,09,no
2017,cdmx,italia,47,75566,ciudad_de_mexico,09,no
2017,cdmx,jamaica,37,1932,ciudad_de_mexico,09,no
2017,cdmx,japon,8,80762,ciudad_de_mexico,09,no
2017,cdmx,jordania,4,332,ciudad_de_mexico,09,si
2017,cdmx,kazajistan,3,371,ciudad_de_mexico,09,si
2017,cdmx,kenia,1,556,ciudad_de_mexico,09,si
2017,cdmx,kirguistan,10,93,ciudad_de_mexico,09,si
2017,cdmx,kuwait,1,242,ciudad_de_mexico,09,no
2017,cdmx,letonia,2,1012,ciudad_de_mexico,09,no
2017,cdmx,libano,2,946,ciudad_de_mexico,09,si
2017,cdmx,libia,2,63,ciudad_de_mexico,09,si
2017,cdmx,lituania,2,1423,ciudad_de_mexico,09,no
2017,cdmx,madagascar,1,37,ciudad_de_mexico,09,si
2017,cdmx,malasia,2,2265,ciudad_de_mexico,09,no
2017,cdmx,mali,1,41,ciudad_de_mexico,09,si
2017,cdmx,marruecos,11,1015,ciudad_de_mexico,09,si
2017,cdmx,mozambique,1,71,ciudad_de_mexico,09,si
2017,cdmx,nicaragua,12,17103,ciudad_de_mexico,09,si
2017,cdmx,nigeria,41,1027,ciudad_de_mexico,09,si
2017,cdmx,noruega,4,5606,ciudad_de_mexico,09,no
2017,cdmx,paises_bajos_holanda,5,30795,ciudad_de_mexico,09,no
2017,cdmx,pakistan,39,989,ciudad_de_mexico,09,si
2017,cdmx,palestina,1,68,ciudad_de_mexico,09,si
2017,cdmx,panama,44,28407,ciudad_de_mexico,09,no
2017,cdmx,paraguay,23,4194,ciudad_de_mexico,09,no
2017,cdmx,peru,997,153281,ciudad_de_mexico,09,no
2017,cdmx,polonia,4,17035,ciudad_de_mexico,09,no
2017,cdmx,portugal,11,12248,ciudad_de_mexico,09,no
2017,cdmx,reino_unido,9,72107,ciudad_de_mexico,09,no
2017,cdmx,ruanda,1,37,ciudad_de_mexico,09,si
2017,cdmx,rumania,248,6221,ciudad_de_mexico,09,no
2017,cdmx,rusia,33,12204,ciudad_de_mexico,09,si
2017,cdmx,saharaui_rep_arabe,1,28,ciudad_de_mexico,09,si
2017,cdmx,senegal,4,96,ciudad_de_mexico,09,si
2017,cdmx,sierra_leona,1,25,ciudad_de_mexico,09,si
2017,cdmx,singapur,1,1817,ciudad_de_mexico,09,no
2017,cdmx,siria,13,118,ciudad_de_mexico,09,si
2017,cdmx,somalia,1,3,ciudad_de_mexico,09,si
2017,cdmx,sri_lanka,1,319,ciudad_de_mexico,09,si
2017,cdmx,sudafrica,16,2878,ciudad_de_mexico,09,si
2017,cdmx,suecia,2,10093,ciudad_de_mexico,09,no
2017,cdmx,taiwan,11,5084,ciudad_de_mexico,09,si
2017,cdmx,trinidad_y_tobago,3,861,ciudad_de_mexico,09,no
2017,cdmx,tunez,2,612,ciudad_de_mexico,09,si
2017,cdmx,turquia,88,5054,ciudad_de_mexico,09,si
2017,cdmx,ucrania,15,4671,ciudad_de_mexico,09,si
2017,cdmx,uganda,2,92,ciudad_de_mexico,09,si
2017,cdmx,uruguay,16,11711,ciudad_de_mexico,09,no
2017,cdmx,uzbekistan,17,128,ciudad_de_mexico,09,si
2017,cdmx,venezuela,1956,65388,ciudad_de_mexico,09,no
2017,cdmx,vietnam,27,1092,ciudad_de_mexico,09,si
2017,cdmx,yemen,2,32,ciudad_de_mexico,09,si
2017,cdmx,zimbabue,2,237,ciudad_de_mexico,09,no
2017,chihuahua,estados_unidos,2,22106,chihuahua,08,no
2017,ciudad_juarez,estados_unidos,3,0,chihuahua,08,no
2017,colima,canada,1,15823,colima,06,no
2017,colima,estados_unidos,2,16713,colima,06,no
2017,durango,estados_unidos,2,12062,durango,10,no
2017,guadalajara,argentina,1,3367,jalisco,14,no
2017,guadalajara,brasil,26,4039,jalisco,14,no
2017,guadalajara,china,3,3517,jalisco,14,si
2017,guadalajara,colombia,20,3471,jalisco,14,no
2017,guadalajara,dominicana_rep,1,460,jalisco,14,si
2017,guadalajara,el_salvador,3,2271,jalisco,14,si
2017,guadalajara,estados_unidos,80,909212,jalisco,14,no
2017,guadalajara,filipinas,1,517,jalisco,14,si
2017,guadalajara,guatemala,36,11074,jalisco,14,si
2017,guadalajara,honduras,1,747,jalisco,14,si
2017,guadalajara,india,3,3710,jalisco,14,si
2017,guadalajara,nicaragua,1,405,jalisco,14,si
2017,guadalajara,pakistan,4,56,jalisco,14,si
2017,guadalajara,peru,5,1443,jalisco,14,no
2017,guadalajara,rusia,4,251,jalisco,14,si
2017,guadalajara,taiwan,2,912,jalisco,14,si
2017,guadalajara,turquia,1,195,jalisco,14,si
2017,guadalajara,venezuela,26,3250,jalisco,14,no
2017,mazatlan,canada,2,41020,sinaloa,25,no
2017,mazatlan,cuba,1,11,sinaloa,25,si
2017,mazatlan,el_salvador,1,34,sinaloa,25,si
2017,mazatlan,estados_unidos,4,87238,sinaloa,25,no
2017,mazatlan,filipinas,1,66,sinaloa,25,si
2017,merida,colombia,3,300,yucatan,31,no
2017,merida,cuba,25,4482,yucatan,31,si
2017,merida,dominicana_rep,1,96,yucatan,31,si
2017,merida,santa_lucia,1,9,yucatan,31,si
2017,mexicali,estados_unidos,1,0,baja_california,02,no
2017,monterrey,armenia,1,45,nuevo_leon,19,si
2017,monterrey,brasil,24,3832,nuevo_leon,19,no
2017,monterrey,china,1,2216,nuevo_leon,19,si
2017,monterrey,colombia,7,2484,nuevo_leon,19,no
2017,monterrey,cuba,3,1806,nuevo_leon,19,si
2017,monterrey,dominicana_rep,1,415,nuevo_leon,19,si
2017,monterrey,ecuador,1,553,nuevo_leon,19,no
2017,monterrey,estados_unidos,17,199646,nuevo_leon,19,no
2017,monterrey,rusia,1,171,nuevo_leon,19,si
2017,monterrey,taiwan,4,335,nuevo_leon,19,si
2017,monterrey,venezuela,12,3871,nuevo_leon,19,no
2017,morelia,el_salvador,1,59,michoacan_de_ocampo,16,si
2017,morelia,estados_unidos,6,76593,michoacan_de_ocampo,16,no
2017,morelia,guatemala,1,37,michoacan_de_ocampo,16,si
2017,oaxaca,estados_unidos,1,12094,oaxaca,20,no
2017,puebla,canada,1,654,puebla,21,no
2017,puebla,estados_unidos,1,14497,puebla,21,no
2017,puebla,polonia,1,31,puebla,21,no
2017,puerto_vallarta,benin,1,2,jalisco,14,si
2017,puerto_vallarta,canada,15,368791,jalisco,14,no
2017,puerto_vallarta,china,2,1480,jalisco,14,si
2017,puerto_vallarta,colombia,10,720,jalisco,14,no
2017,puerto_vallarta,espana,1,778,jalisco,14,no
2017,puerto_vallarta,estados_unidos,155,1039361,jalisco,14,no
2017,puerto_vallarta,fiyi_islas,1,47,jalisco,14,si
2017,puerto_vallarta,grecia,1,78,jalisco,14,no
2017,puerto_vallarta,guatemala,1,194,jalisco,14,si
2017,puerto_vallarta,honduras,1,119,jalisco,14,si
2017,puerto_vallarta,india,7,2541,jalisco,14,si
2017,puerto_vallarta,iran,3,528,jalisco,14,si
2017,puerto_vallarta,italia,1,994,jalisco,14,no
2017,puerto_vallarta,nicaragua,1,74,jalisco,14,si
2017,puerto_vallarta,nigeria,1,103,jalisco,14,si
2017,puerto_vallarta,rusia,3,935,jalisco,14,si
2017,puerto_vallarta,taiwan,2,238,jalisco,14,si
2017,puerto_vallarta,ucrania,1,600,jalisco,14,si
2017,queretaro,estados_unidos,2,66569,queretaro,22,no
2017,san_jose_del_cabo,canada,5,151651,baja_california,02,no
2017,san_jose_del_cabo,china,2,4007,baja_california,02,si
2017,san_jose_del_cabo,el_salvador,1,516,baja_california,02,si
2017,san_jose_del_cabo,estados_unidos,148,1463587,baja_california,02,no
2017,san_jose_del_cabo,filipinas,1,1222,baja_california,02,si
2017,san_jose_del_cabo,indonesia,1,308,baja_california,02,si
2017,san_jose_del_cabo,taiwan,4,524,baja_california,02,si
2017,san_luis,estados_unidos,9,34585,san_luis_potosi,24,no
2017,san_luis,nicaragua,1,5,san_luis_potosi,24,si
2017,silao,estados_unidos,9,165797,guanajuato,11,no
2017,silao,guatemala,1,135,guanajuato,11,si
2017,tijuana,argelia,1,0,baja_california,02,si
2017,tijuana,china,8,0,baja_california,02,si
2017,tijuana,estados_unidos,1,0,baja_california,02,no
2017,tijuana,guatemala,1,0,baja_california,02,si
2017,tijuana,suecia,1,0,baja_california,02,no
2017,villahermosa,portugal,1,0,tabasco,27,no
2017,zacatecas,estados_unidos,4,34807,zacatecas,32,no
2017,zihuatanejo,estados_unidos,12,62663,guerrero,12,no
2017,zihuatanejo,filipinas,1,16,guerrero,12,si
2018,acapulco,canada,1,0,guerrero,12,no
2018,aguascalientes,estados_unidos,7,41426,aguascalientes,01,no
2018,aguascalientes,venezuela,1,47,aguascalientes,01,no
2018,cancun,afganistan,3,131,quintana_roo,23,si
2018,cancun,albania,2,1182,quintana_roo,23,si
2018,cancun,alemania,11,147605,quintana_roo,23,no
2018,cancun,antigua_y_barbuda,1,98,quintana_roo,23,si
2018,cancun,arabia_saudita,2,3093,quintana_roo,23,si
2018,cancun,argelia,2,468,quintana_roo,23,si
2018,cancun,argentina,84,306238,quintana_roo,23,no
2018,cancun,armenia,42,1158,quintana_roo,23,si
2018,cancun,bangladesh,1,585,quintana_roo,23,si
2018,cancun,belgica,27,27430,quintana_roo,23,no
2018,cancun,bielorrusia,4,2200,quintana_roo,23,no
2018,cancun,bolivia,11,9198,quintana_roo,23,no
2018,cancun,bosnia_herzegovina,1,768,quintana_roo,23,no
2018,cancun,brasil,159,174706,quintana_roo,23,no
2018,cancun,bulgaria,3,3929,quintana_roo,23,no
2018,cancun,cabo_verde,1,94,quintana_roo,23,si
2018,cancun,camerun,1,224,quintana_roo,23,si
2018,cancun,canada,47,1096813,quintana_roo,23,no
2018,cancun,checa_rep,1,7373,quintana_roo,23,no
2018,cancun,chile,13,84162,quintana_roo,23,no
2018,cancun,china,56,61980,quintana_roo,23,si
2018,cancun,colombia,694,210818,quintana_roo,23,no
2018,cancun,costa_rica,19,38796,quintana_roo,23,no
2018,cancun,croacia,1,1814,quintana_roo,23,no
2018,cancun,cuba,204,92911,quintana_roo,23,si
2018,cancun,dinamarca,1,9871,quintana_roo,23,no
2018,cancun,dominicana_rep,22,6127,quintana_roo,23,si
2018,cancun,ecuador,39,16719,quintana_roo,23,no
2018,cancun,el_salvador,32,10987,quintana_roo,23,si
2018,cancun,eritrea,4,24,quintana_roo,23,si
2018,cancun,eslovaquia,2,4002,quintana_roo,23,no
2018,cancun,espana,35,179922,quintana_roo,23,no
2018,cancun,estados_unidos,452,3977369,quintana_roo,23,no
2018,cancun,estonia,2,1564,quintana_roo,23,no
2018,cancun,etiopia,1,304,quintana_roo,23,si
2018,cancun,filipinas,15,6281,quintana_roo,23,si
2018,cancun,finlandia,2,5623,quintana_roo,23,no
2018,cancun,fiyi_islas,2,93,quintana_roo,23,si
2018,cancun,francia,13,141974,quintana_roo,23,no
2018,cancun,georgia,10,272,quintana_roo,23,si
2018,cancun,ghana,1,329,quintana_roo,23,si
2018,cancun,grecia,3,2274,quintana_roo,23,no
2018,cancun,guatemala,9,14739,quintana_roo,23,si
2018,cancun,guinea,2,75,quintana_roo,23,si
2018,cancun,guyana,3,675,quintana_roo,23,si
2018,cancun,haiti,11,1153,quintana_roo,23,si
2018,cancun,honduras,10,4000,quintana_roo,23,si
2018,cancun,hungria,3,6429,quintana_roo,23,no
2018,cancun,india,179,32479,quintana_roo,23,si
2018,cancun,iran,4,3899,quintana_roo,23,si
2018,cancun,irlanda,6,20808,quintana_roo,23,no
2018,cancun,israel,11,26494,quintana_roo,23,no
2018,cancun,italia,30,98366,quintana_roo,23,no
2018,cancun,jamaica,14,3968,quintana_roo,23,no
2018,cancun,jordania,1,630,quintana_roo,23,si
2018,cancun,kazajistan,12,1192,quintana_roo,23,si
2018,cancun,kenia,2,595,quintana_roo,23,si
2018,cancun,kirguistan,91,286,quintana_roo,23,si
2018,cancun,kuwait,1,977,quintana_roo,23,no
2018,cancun,letonia,1,1633,quintana_roo,23,no
2018,cancun,libano,6,1169,quintana_roo,23,si
2018,cancun,liberia,2,95,quintana_roo,23,si
2018,cancun,libia,1,43,quintana_roo,23,si
2018,cancun,lituania,1,3947,quintana_roo,23,no
2018,cancun,macedonia,3,680,quintana_roo,23,si
2018,cancun,malasia,1,1050,quintana_roo,23,no
2018,cancun,marruecos,6,1823,quintana_roo,23,si
2018,cancun,moldavia,1,1024,quintana_roo,23,si
2018,cancun,mongolia,5,196,quintana_roo,23,si
2018,cancun,montenegro,6,252,quintana_roo,23,si
2018,cancun,nepal,6,783,quintana_roo,23,si
2018,cancun,nicaragua,12,1738,quintana_roo,23,si
2018,cancun,nigeria,6,1598,quintana_roo,23,si
2018,cancun,noruega,1,6751,quintana_roo,23,no
2018,cancun,oman,1,211,quintana_roo,23,si
2018,cancun,paises_bajos_holanda,3,42619,quintana_roo,23,no
2018,cancun,pakistan,11,1459,quintana_roo,23,si
2018,cancun,panama,16,18088,quintana_roo,23,no
2018,cancun,paraguay,1,18580,quintana_roo,23,no
2018,cancun,peru,149,62095,quintana_roo,23,no
2018,cancun,polonia,8,30248,quintana_roo,23,no
2018,cancun,portugal,1,34954,quintana_roo,23,no
2018,cancun,reino_unido,19,456618,quintana_roo,23,no
2018,cancun,rumania,151,8380,quintana_roo,23,no
2018,cancun,rusia,81,48042,quintana_roo,23,si
2018,cancun,senegal,1,131,quintana_roo,23,si
2018,cancun,serbia,6,2228,quintana_roo,23,si
2018,cancun,siria,6,369,quintana_roo,23,si
2018,cancun,sri_lanka,35,398,quintana_roo,23,si
2018,cancun,sudafrica,5,3352,quintana_roo,23,si
2018,cancun,suecia,3,26641,quintana_roo,23,no
2018,cancun,suiza,1,26850,quintana_roo,23,no
2018,cancun,tailandia,6,1216,quintana_roo,23,si
2018,cancun,taiwan,25,2792,quintana_roo,23,si
2018,cancun,tanzania,1,128,quintana_roo,23,si
2018,cancun,tayikistan,3,93,quintana_roo,23,si
2018,cancun,trinidad_y_tobago,2,5913,quintana_roo,23,no
2018,cancun,tunez,1,696,quintana_roo,23,si
2018,cancun,turkmenistan,1,46,quintana_roo,23,si
2018,cancun,turquia,47,5662,quintana_roo,23,si
2018,cancun,ucrania,14,11873,quintana_roo,23,si
2018,cancun,uganda,1,110,quintana_roo,23,si
2018,cancun,uruguay,3,23697,quintana_roo,23,no
2018,cancun,uzbekistan,171,996,quintana_roo,23,si
2018,cancun,venezuela,330,18651,quintana_roo,23,no
2018,cancun,vietnam,8,2314,quintana_roo,23,si
2018,cancun,yemen,2,67,quintana_roo,23,si
2018,cdmx,afganistan,4,63,ciudad_de_mexico,09,si
2018,cdmx,albania,1,209,ciudad_de_mexico,09,si
2018,cdmx,alemania,8,114096,ciudad_de_mexico,09,no
2018,cdmx,argelia,6,386,ciudad_de_mexico,09,si
2018,cdmx,argentina,134,173398,ciudad_de_mexico,09,no
2018,cdmx,armenia,3,269,ciudad_de_mexico,09,si
2018,cdmx,australia,1,27435,ciudad_de_mexico,09,no
2018,cdmx,azerbaiyan,4,159,ciudad_de_mexico,09,si
2018,cdmx,bahamas_commonwealth,1,365,ciudad_de_mexico,09,no
2018,cdmx,bangladesh,7,445,ciudad_de_mexico,09,si
2018,cdmx,bolivia,21,11239,ciudad_de_mexico,09,no
2018,cdmx,botsuana,1,26,ciudad_de_mexico,09,si
2018,cdmx,brasil,769,198332,ciudad_de_mexico,09,no
2018,cdmx,bulgaria,9,2183,ciudad_de_mexico,09,no
2018,cdmx,camerun,17,233,ciudad_de_mexico,09,si
2018,cdmx,canada,26,267434,ciudad_de_mexico,09,no
2018,cdmx,checa_rep,7,6262,ciudad_de_mexico,09,no
2018,cdmx,chile,80,102388,ciudad_de_mexico,09,no
2018,cdmx,china,182,75698,ciudad_de_mexico,09,si
2018,cdmx,colombia,3398,335320,ciudad_de_mexico,09,no
2018,cdmx,congo_rep,6,48,ciudad_de_mexico,09,no
2018,cdmx,congo_rep_dem,2,124,ciudad_de_mexico,09,si
2018,cdmx,corea_rep_sur,3,61320,ciudad_de_mexico,09,no
2018,cdmx,costa_rica,59,116667,ciudad_de_mexico,09,no
2018,cdmx,croacia,1,2057,ciudad_de_mexico,09,no
2018,cdmx,cuba,210,65215,ciudad_de_mexico,09,si
2018,cdmx,dominicana_rep,71,14684,ciudad_de_mexico,09,si
2018,cdmx,ecuador,368,74407,ciudad_de_mexico,09,no
2018,cdmx,egipto,4,1117,ciudad_de_mexico,09,si
2018,cdmx,el_salvador,23,47701,ciudad_de_mexico,09,si
2018,cdmx,eritrea,3,24,ciudad_de_mexico,09,si
2018,cdmx,eslovaquia,2,2839,ciudad_de_mexico,09,no
2018,cdmx,espana,51,193669,ciudad_de_mexico,09,no
2018,cdmx,estados_unidos,200,1812516,ciudad_de_mexico,09,no
2018,cdmx,etiopia,2,187,ciudad_de_mexico,09,si
2018,cdmx,filipinas,2,6904,ciudad_de_mexico,09,si
2018,cdmx,francia,15,132693,ciudad_de_mexico,09,no
2018,cdmx,gabon,1,43,ciudad_de_mexico,09,si
2018,cdmx,georgia,3,265,ciudad_de_mexico,09,si
2018,cdmx,ghana,2,247,ciudad_de_mexico,09,si
2018,cdmx,granada,2,60,ciudad_de_mexico,09,si
2018,cdmx,grecia,2,3187,ciudad_de_mexico,09,no
2018,cdmx,guatemala,48,142421,ciudad_de_mexico,09,si
2018,cdmx,guinea,1,347,ciudad_de_mexico,09,si
2018,cdmx,guyana,1,207,ciudad_de_mexico,09,si
2018,cdmx,haiti,89,1771,ciudad_de_mexico,09,si
2018,cdmx,honduras,31,27724,ciudad_de_mexico,09,si
2018,cdmx,india,406,30492,ciudad_de_mexico,09,si
2018,cdmx,indonesia,2,1823,ciudad_de_mexico,09,si
2018,cdmx,irak,6,84,ciudad_de_mexico,09,si
2018,cdmx,iran,21,1419,ciudad_de_mexico,09,si
2018,cdmx,irlanda,2,6691,ciudad_de_mexico,09,no
2018,cdmx,islandia,1,454,ciudad_de_mexico,09,no
2018,cdmx,israel,15,17195,ciudad_de_mexico,09,no
2018,cdmx,italia,25,73491,ciudad_de_mexico,09,no
2018,cdmx,jamaica,28,2920,ciudad_de_mexico,09,no
2018,cdmx,japon,4,86632,ciudad_de_mexico,09,no
2018,cdmx,kazajistan,1,430,ciudad_de_mexico,09,si
2018,cdmx,kenia,1,652,ciudad_de_mexico,09,si
2018,cdmx,kirguistan,27,88,ciudad_de_mexico,09,si
2018,cdmx,kuwait,1,182,ciudad_de_mexico,09,no
2018,cdmx,libano,4,986,ciudad_de_mexico,09,si
2018,cdmx,libia,1,66,ciudad_de_mexico,09,si
2018,cdmx,macedonia,2,173,ciudad_de_mexico,09,si
2018,cdmx,malasia,3,2831,ciudad_de_mexico,09,no
2018,cdmx,marruecos,8,1195,ciudad_de_mexico,09,si
2018,cdmx,marshall_islas,1,8,ciudad_de_mexico,09,no
2018,cdmx,montenegro,2,88,ciudad_de_mexico,09,si
2018,cdmx,nepal,9,311,ciudad_de_mexico,09,si
2018,cdmx,nicaragua,30,13525,ciudad_de_mexico,09,si
2018,cdmx,nigeria,20,1018,ciudad_de_mexico,09,si
2018,cdmx,noruega,2,5587,ciudad_de_mexico,09,no
2018,cdmx,nueva_zelandia,1,5620,ciudad_de_mexico,09,no
2018,cdmx,paises_bajos_holanda,4,33829,ciudad_de_mexico,09,no
2018,cdmx,pakistan,66,1284,ciudad_de_mexico,09,si
2018,cdmx,palestina,1,68,ciudad_de_mexico,09,si
2018,cdmx,panama,33,30100,ciudad_de_mexico,09,no
2018,cdmx,paraguay,22,4953,ciudad_de_mexico,09,no
2018,cdmx,peru,1118,191307,ciudad_de_mexico,09,no
2018,cdmx,polonia,4,15680,ciudad_de_mexico,09,no
2018,cdmx,portugal,4,12580,ciudad_de_mexico,09,no
2018,cdmx,reino_unido,6,77481,ciudad_de_mexico,09,no
2018,cdmx,rumania,79,6212,ciudad_de_mexico,09,no
2018,cdmx,rusia,15,13145,ciudad_de_mexico,09,si
2018,cdmx,samoa_occidental,3,11,ciudad_de_mexico,09,si
2018,cdmx,san_cristobal_y_nieves,1,67,ciudad_de_mexico,09,no
2018,cdmx,senegal,2,116,ciudad_de_mexico,09,si
2018,cdmx,serbia,3,1272,ciudad_de_mexico,09,si
2018,cdmx,sierra_leona,2,16,ciudad_de_mexico,09,si
2018,cdmx,siria,14,135,ciudad_de_mexico,09,si
2018,cdmx,somalia,1,9,ciudad_de_mexico,09,si
2018,cdmx,sri_lanka,39,374,ciudad_de_mexico,09,si
2018,cdmx,sudafrica,7,2827,ciudad_de_mexico,09,si
2018,cdmx,suiza,1,17285,ciudad_de_mexico,09,no
2018,cdmx,tailandia,2,1718,ciudad_de_mexico,09,si
2018,cdmx,taiwan,9,5280,ciudad_de_mexico,09,si
2018,cdmx,tayikistan,2,25,ciudad_de_mexico,09,si
2018,cdmx,trinidad_y_tobago,3,1008,ciudad_de_mexico,09,no
2018,cdmx,tunez,3,628,ciudad_de_mexico,09,si
2018,cdmx,turkmenistan,1,19,ciudad_de_mexico,09,si
2018,cdmx,turquia,91,5801,ciudad_de_mexico,09,si
2018,cdmx,ucrania,19,5818,ciudad_de_mexico,09,si
2018,cdmx,uganda,13,128,ciudad_de_mexico,09,si
2018,cdmx,uruguay,17,12170,ciudad_de_mexico,09,no
2018,cdmx,uzbekistan,100,168,ciudad_de_mexico,09,si
2018,cdmx,venezuela,1876,70300,ciudad_de_mexico,09,no
2018,cdmx,vietnam,57,1567,ciudad_de_mexico,09,si
2018,cdmx,yemen,3,39,ciudad_de_mexico,09,si
2018,cdmx,zimbabue,1,269,ciudad_de_mexico,09,no
2018,chihuahua,estados_unidos,1,23448,chihuahua,08,no
2018,ciudad_juarez,estados_unidos,1,0,chihuahua,08,no
2018,ciudad_juarez,venezuela,1,0,chihuahua,08,no
2018,guadalajara,angola,1,0,jalisco,14,si
2018,guadalajara,argentina,4,3609,jalisco,14,no
2018,guadalajara,bolivia,1,282,jalisco,14,no
2018,guadalajara,brasil,31,3748,jalisco,14,no
2018,guadalajara,colombia,66,4097,jalisco,14,no
2018,guadalajara,cuba,3,395,jalisco,14,si
2018,guadalajara,ecuador,1,749,jalisco,14,no
2018,guadalajara,el_salvador,6,1998,jalisco,14,si
2018,guadalajara,estados_unidos,49,973282,jalisco,14,no
2018,guadalajara,guatemala,9,6686,jalisco,14,si
2018,guadalajara,haiti,3,104,jalisco,14,si
2018,guadalajara,honduras,1,876,jalisco,14,si
2018,guadalajara,india,1,3475,jalisco,14,si
2018,guadalajara,kirguistan,4,5,jalisco,14,si
2018,guadalajara,nigeria,3,46,jalisco,14,si
2018,guadalajara,pakistan,3,42,jalisco,14,si
2018,guadalajara,panama,1,3192,jalisco,14,no
2018,guadalajara,peru,17,1381,jalisco,14,no
2018,guadalajara,serbia,1,34,jalisco,14,si
2018,guadalajara,siria,1,11,jalisco,14,si
2018,guadalajara,taiwan,3,1304,jalisco,14,si
2018,guadalajara,uzbekistan,4,3,jalisco,14,si
2018,guadalajara,venezuela,87,2972,jalisco,14,no
2018,huatulco,china,1,20,oaxaca,20,si
2018,huatulco,estados_unidos,1,11103,oaxaca,20,no
2018,manzanillo,estados_unidos,2,0,colima,06,no
2018,mazatlan,china,1,98,sinaloa,25,si
2018,mazatlan,ecuador,1,22,sinaloa,25,no
2018,mazatlan,estados_unidos,1,83160,sinaloa,25,no
2018,merida,cuba,39,7682,yucatan,31,si
2018,merida,estados_unidos,5,37970,yucatan,31,no
2018,merida,india,4,112,yucatan,31,si
2018,merida,taiwan,3,34,yucatan,31,si
2018,merida,uzbekistan,11,18,yucatan,31,si
2018,merida,venezuela,2,494,yucatan,31,no
2018,mexicali,estados_unidos,1,0,baja_california,02,no
2018,monterrey,brasil,26,4123,nuevo_leon,19,no
2018,monterrey,china,4,2380,nuevo_leon,19,si
2018,monterrey,colombia,22,2871,nuevo_leon,19,no
2018,monterrey,cuba,28,2498,nuevo_leon,19,si
2018,monterrey,dominicana_rep,1,336,nuevo_leon,19,si
2018,monterrey,ecuador,3,767,nuevo_leon,19,no
2018,monterrey,estados_unidos,14,198686,nuevo_leon,19,no
2018,monterrey,guatemala,3,366,nuevo_leon,19,si
2018,monterrey,india,1,3010,nuevo_leon,19,si
2018,monterrey,jordania,1,45,nuevo_leon,19,si
2018,monterrey,panama,1,1590,nuevo_leon,19,no
2018,monterrey,peru,6,763,nuevo_leon,19,no
2018,monterrey,turquia,6,199,nuevo_leon,19,si
2018,monterrey,venezuela,31,4475,nuevo_leon,19,no
2018,morelia,estados_unidos,7,88729,michoacan_de_ocampo,16,no
2018,oaxaca,estados_unidos,1,16973,oaxaca,20,no
2018,puebla,estados_unidos,1,15916,puebla,21,no
2018,puerto_vallarta,arabia_saudita,1,108,jalisco,14,si
2018,puerto_vallarta,armenia,6,359,jalisco,14,si
2018,puerto_vallarta,canada,8,397109,jalisco,14,no
2018,puerto_vallarta,colombia,5,1034,jalisco,14,no
2018,puerto_vallarta,el_salvador,1,522,jalisco,14,si
2018,puerto_vallarta,estados_unidos,71,1025601,jalisco,14,no
2018,puerto_vallarta,filipinas,1,1054,jalisco,14,si
2018,puerto_vallarta,india,1,2879,jalisco,14,si
2018,puerto_vallarta,kenia,1,74,jalisco,14,si
2018,puerto_vallarta,nigeria,1,145,jalisco,14,si
2018,puerto_vallarta,rumania,1,335,jalisco,14,no
2018,puerto_vallarta,sudafrica,1,423,jalisco,14,si
2018,puerto_vallarta,taiwan,3,219,jalisco,14,si
2018,puerto_vallarta,turquia,1,162,jalisco,14,si
2018,puerto_vallarta,venezuela,1,376,jalisco,14,no
2018,puerto_vallarta,zimbabue,1,43,jalisco,14,no
2018,queretaro,estados_unidos,7,85949,queretaro,22,no
2018,san_jose_del_cabo,armenia,1,161,baja_california,02,si
2018,san_jose_del_cabo,canada,1,168404,baja_california,02,no
2018,san_jose_del_cabo,china,2,3956,baja_california,02,si
2018,san_jose_del_cabo,estados_unidos,156,1498488,baja_california,02,no
2018,san_jose_del_cabo,filipinas,1,1356,baja_california,02,si
2018,san_jose_del_cabo,grecia,1,93,baja_california,02,no
2018,san_jose_del_cabo,guyana,1,38,baja_california,02,si
2018,san_jose_del_cabo,senegal,1,8,baja_california,02,si
2018,san_jose_del_cabo,taiwan,5,515,baja_california,02,si
2018,san_luis,china,1,621,san_luis_potosi,24,si
2018,san_luis,ecuador,1,21,san_luis_potosi,24,no
2018,san_luis,estados_unidos,2,34942,san_luis_potosi,24,no
2018,san_luis,ghana,1,0,san_luis_potosi,24,si
2018,silao,estados_unidos,1,170628,guanajuato,11,no
2018,tijuana,armenia,2,2,baja_california,02,si
2018,tijuana,camerun,1,2,baja_california,02,si
2018,tijuana,china,69,13987,baja_california,02,si
2018,tijuana,colombia,1,120,baja_california,02,no
2018,tijuana,corea_rep_sur,1,219,baja_california,02,no
2018,tijuana,el_salvador,1,2270,baja_california,02,si
2018,tijuana,estados_unidos,1,7787,baja_california,02,no
2018,tijuana,honduras,1,45,baja_california,02,si
2018,tijuana,india,7,24,baja_california,02,si
2018,tijuana,kazajistan,1,3,baja_california,02,si
2018,tijuana,pakistan,6,4,baja_california,02,si
2018,tijuana,rusia,27,144,baja_california,02,si
2018,tijuana,taiwan,1,21,baja_california,02,si
2018,toluca,argentina,1,50,mexico,15,no
2018,toluca,colombia,1,164,mexico,15,no
2018,toluca,espana,1,292,mexico,15,no
2018,toluca,estados_unidos,1,6605,mexico,15,no
2018,toluca,reino_unido,1,155,mexico,15,no
2018,toluca,venezuela,1,143,mexico,15,no
2018,torreon,estados_unidos,1,7484,coahuila_de_zaragoza,05,no
2018,veracruz,estados_unidos,1,0,NA,NA,no
2018,zacatecas,estados_unidos,2,37084,zacatecas,32,no
2018,zihuatanejo,estados_unidos,2,55159,guerrero,12,no
2019,aguascalientes,estados_unidos,1,50123,aguascalientes,01,no
2019,cancun,albania,6,1201,quintana_roo,23,si
2019,cancun,alemania,20,152905,quintana_roo,23,no
2019,cancun,andorra,1,164,quintana_roo,23,no
2019,cancun,angola,1,95,quintana_roo,23,si
2019,cancun,apatridas,1,17,quintana_roo,23,no
2019,cancun,arabia_saudita,2,2138,quintana_roo,23,si
2019,cancun,argelia,1,637,quintana_roo,23,si
2019,cancun,argentina,171,221952,quintana_roo,23,no
2019,cancun,armenia,31,1025,quintana_roo,23,si
2019,cancun,austria,2,12775,quintana_roo,23,no
2019,cancun,azerbaiyan,10,252,quintana_roo,23,si
2019,cancun,bahamas_commonwealth,1,608,quintana_roo,23,no
2019,cancun,bangladesh,3,640,quintana_roo,23,si
2019,cancun,belgica,4,31615,quintana_roo,23,no
2019,cancun,belice,2,2797,quintana_roo,23,no
2019,cancun,bielorrusia,13,2623,quintana_roo,23,no
2019,cancun,bolivia,20,9283,quintana_roo,23,no
2019,cancun,bosnia_herzegovina,2,774,quintana_roo,23,no
2019,cancun,brasil,983,166399,quintana_roo,23,no
2019,cancun,bulgaria,6,4230,quintana_roo,23,no
2019,cancun,cabo_verde,1,128,quintana_roo,23,si
2019,cancun,camerun,2,258,quintana_roo,23,si
2019,cancun,canada,43,1186480,quintana_roo,23,no
2019,cancun,checa_rep,4,7746,quintana_roo,23,no
2019,cancun,chile,87,90507,quintana_roo,23,no
2019,cancun,china,45,55059,quintana_roo,23,si
2019,cancun,colombia,1529,237262,quintana_roo,23,no
2019,cancun,congo_rep,3,29,quintana_roo,23,no
2019,cancun,corea_rep_sur,1,40413,quintana_roo,23,no
2019,cancun,costa_de_marfil,3,196,quintana_roo,23,si
2019,cancun,costa_rica,30,45394,quintana_roo,23,no
2019,cancun,croacia,1,1878,quintana_roo,23,no
2019,cancun,cuba,233,104313,quintana_roo,23,si
2019,cancun,dominicana_rep,28,6557,quintana_roo,23,si
2019,cancun,ecuador,1735,43098,quintana_roo,23,no
2019,cancun,egipto,3,1788,quintana_roo,23,si
2019,cancun,el_salvador,30,9906,quintana_roo,23,si
2019,cancun,emiratos_arabes_unidos,1,304,quintana_roo,23,no
2019,cancun,eritrea,5,33,quintana_roo,23,si
2019,cancun,eslovaquia,4,4347,quintana_roo,23,no
2019,cancun,espana,38,178919,quintana_roo,23,no
2019,cancun,estados_unidos,419,3875361,quintana_roo,23,no
2019,cancun,etiopia,3,321,quintana_roo,23,si
2019,cancun,filipinas,9,6914,quintana_roo,23,si
2019,cancun,fiyi_islas,1,85,quintana_roo,23,si
2019,cancun,francia,23,153007,quintana_roo,23,no
2019,cancun,georgia,82,458,quintana_roo,23,si
2019,cancun,ghana,3,386,quintana_roo,23,si
2019,cancun,granada,2,116,quintana_roo,23,si
2019,cancun,grecia,6,2596,quintana_roo,23,no
2019,cancun,guatemala,19,18142,quintana_roo,23,si
2019,cancun,guyana,3,719,quintana_roo,23,si
2019,cancun,haiti,202,1417,quintana_roo,23,si
2019,cancun,honduras,13,4766,quintana_roo,23,si
2019,cancun,hungria,8,6822,quintana_roo,23,no
2019,cancun,india,190,35129,quintana_roo,23,si
2019,cancun,indonesia,1,941,quintana_roo,23,si
2019,cancun,irak,2,353,quintana_roo,23,si
2019,cancun,iran,24,4208,quintana_roo,23,si
2019,cancun,israel,20,26886,quintana_roo,23,no
2019,cancun,italia,33,77977,quintana_roo,23,no
2019,cancun,jamaica,42,6245,quintana_roo,23,no
2019,cancun,jordania,5,707,quintana_roo,23,si
2019,cancun,kazajistan,29,1224,quintana_roo,23,si
2019,cancun,kirguistan,15,187,quintana_roo,23,si
2019,cancun,letonia,3,1494,quintana_roo,23,no
2019,cancun,libano,15,1420,quintana_roo,23,si
2019,cancun,liberia,1,102,quintana_roo,23,si
2019,cancun,lituania,1,4113,quintana_roo,23,no
2019,cancun,malasia,1,1208,quintana_roo,23,no
2019,cancun,malta,1,369,quintana_roo,23,no
2019,cancun,marruecos,19,2326,quintana_roo,23,si
2019,cancun,montenegro,2,208,quintana_roo,23,si
2019,cancun,namibia,1,43,quintana_roo,23,si
2019,cancun,nepal,2,752,quintana_roo,23,si
2019,cancun,nicaragua,11,1948,quintana_roo,23,si
2019,cancun,nigeria,13,1872,quintana_roo,23,si
2019,cancun,noruega,1,6130,quintana_roo,23,no
2019,cancun,paises_bajos_holanda,1,49719,quintana_roo,23,no
2019,cancun,pakistan,12,1503,quintana_roo,23,si
2019,cancun,panama,14,20489,quintana_roo,23,no
2019,cancun,paraguay,8,17142,quintana_roo,23,no
2019,cancun,peru,524,88935,quintana_roo,23,no
2019,cancun,polonia,7,27443,quintana_roo,23,no
2019,cancun,portugal,2,34948,quintana_roo,23,no
2019,cancun,reino_unido,21,439479,quintana_roo,23,no
2019,cancun,rumania,84,9932,quintana_roo,23,no
2019,cancun,rusia,128,67597,quintana_roo,23,si
2019,cancun,san_vicente_y_las_granadinas,1,128,quintana_roo,23,si
2019,cancun,serbia,5,2283,quintana_roo,23,si
2019,cancun,sierra_leona,1,63,quintana_roo,23,si
2019,cancun,siria,4,427,quintana_roo,23,si
2019,cancun,sri_lanka,3,406,quintana_roo,23,si
2019,cancun,sudafrica,10,3165,quintana_roo,23,si
2019,cancun,sudan,1,58,quintana_roo,23,si
2019,cancun,suecia,3,25659,quintana_roo,23,no
2019,cancun,suiza,1,26755,quintana_roo,23,no
2019,cancun,tailandia,3,1108,quintana_roo,23,si
2019,cancun,taiwan,46,2532,quintana_roo,23,si
2019,cancun,tanzania,1,137,quintana_roo,23,si
2019,cancun,tayikistan,3,74,quintana_roo,23,si
2019,cancun,trinidad_y_tobago,2,6683,quintana_roo,23,no
2019,cancun,tunez,2,747,quintana_roo,23,si
2019,cancun,turquia,61,5605,quintana_roo,23,si
2019,cancun,ucrania,58,13099,quintana_roo,23,si
2019,cancun,uganda,3,101,quintana_roo,23,si
2019,cancun,uruguay,7,23811,quintana_roo,23,no
2019,cancun,uzbekistan,62,980,quintana_roo,23,si
2019,cancun,venezuela,2054,24332,quintana_roo,23,no
2019,cancun,vietnam,21,2585,quintana_roo,23,si
2019,cancun,yemen,6,177,quintana_roo,23,si
2019,cancun,zambia,1,102,quintana_roo,23,si
2019,cancun,zimbabue,2,261,quintana_roo,23,no
2019,cdmx,afganistan,2,55,ciudad_de_mexico,09,si
2019,cdmx,albania,1,206,ciudad_de_mexico,09,si
2019,cdmx,alemania,8,109456,ciudad_de_mexico,09,no
2019,cdmx,angola,3,86,ciudad_de_mexico,09,si
2019,cdmx,arabia_saudita,5,690,ciudad_de_mexico,09,si
2019,cdmx,argelia,16,363,ciudad_de_mexico,09,si
2019,cdmx,argentina,131,155523,ciudad_de_mexico,09,no
2019,cdmx,armenia,29,222,ciudad_de_mexico,09,si
2019,cdmx,australia,2,28383,ciudad_de_mexico,09,no
2019,cdmx,azerbaiyan,7,171,ciudad_de_mexico,09,si
2019,cdmx,bangladesh,10,408,ciudad_de_mexico,09,si
2019,cdmx,belgica,1,13032,ciudad_de_mexico,09,no
2019,cdmx,belice,2,1120,ciudad_de_mexico,09,no
2019,cdmx,bielorrusia,2,696,ciudad_de_mexico,09,no
2019,cdmx,bolivia,44,11284,ciudad_de_mexico,09,no
2019,cdmx,brasil,1438,214488,ciudad_de_mexico,09,no
2019,cdmx,bulgaria,1,2308,ciudad_de_mexico,09,no
2019,cdmx,cabo_verde,1,18,ciudad_de_mexico,09,si
2019,cdmx,camerun,26,225,ciudad_de_mexico,09,si
2019,cdmx,canada,39,265773,ciudad_de_mexico,09,no
2019,cdmx,chile,156,106683,ciudad_de_mexico,09,no
2019,cdmx,china,349,77188,ciudad_de_mexico,09,si
2019,cdmx,colombia,4220,351627,ciudad_de_mexico,09,no
2019,cdmx,congo_rep,11,88,ciudad_de_mexico,09,no
2019,cdmx,corea_rep_sur,5,62227,ciudad_de_mexico,09,no
2019,cdmx,costa_rica,104,126706,ciudad_de_mexico,09,no
2019,cdmx,croacia,2,2234,ciudad_de_mexico,09,no
2019,cdmx,cuba,241,70442,ciudad_de_mexico,09,si
2019,cdmx,dinamarca,10,9440,ciudad_de_mexico,09,no
2019,cdmx,dominicana_rep,46,14813,ciudad_de_mexico,09,si
2019,cdmx,ecuador,6113,126863,ciudad_de_mexico,09,no
2019,cdmx,egipto,5,1342,ciudad_de_mexico,09,si
2019,cdmx,el_salvador,56,65166,ciudad_de_mexico,09,si
2019,cdmx,eritrea,3,24,ciudad_de_mexico,09,si
2019,cdmx,espana,56,200139,ciudad_de_mexico,09,no
2019,cdmx,estados_unidos,152,1802605,ciudad_de_mexico,09,no
2019,cdmx,etiopia,1,316,ciudad_de_mexico,09,si
2019,cdmx,filipinas,17,7895,ciudad_de_mexico,09,si
2019,cdmx,francia,9,139649,ciudad_de_mexico,09,no
2019,cdmx,georgia,122,480,ciudad_de_mexico,09,si
2019,cdmx,ghana,16,298,ciudad_de_mexico,09,si
2019,cdmx,grecia,2,3483,ciudad_de_mexico,09,no
2019,cdmx,guatemala,49,137620,ciudad_de_mexico,09,si
2019,cdmx,guinea,3,286,ciudad_de_mexico,09,si
2019,cdmx,haiti,240,2259,ciudad_de_mexico,09,si
2019,cdmx,honduras,71,29247,ciudad_de_mexico,09,si
2019,cdmx,hong_kong_china,1,2088,ciudad_de_mexico,09,no
2019,cdmx,india,570,28842,ciudad_de_mexico,09,si
2019,cdmx,indonesia,7,1790,ciudad_de_mexico,09,si
2019,cdmx,irak,5,112,ciudad_de_mexico,09,si
2019,cdmx,iran,42,1388,ciudad_de_mexico,09,si
2019,cdmx,irlanda,2,7057,ciudad_de_mexico,09,no
2019,cdmx,israel,11,16354,ciudad_de_mexico,09,no
2019,cdmx,italia,20,74949,ciudad_de_mexico,09,no
2019,cdmx,jamaica,41,3423,ciudad_de_mexico,09,no
2019,cdmx,japon,1,88651,ciudad_de_mexico,09,no
2019,cdmx,jordania,6,385,ciudad_de_mexico,09,si
2019,cdmx,kazajistan,31,404,ciudad_de_mexico,09,si
2019,cdmx,kenia,6,769,ciudad_de_mexico,09,si
2019,cdmx,kirguistan,88,86,ciudad_de_mexico,09,si
2019,cdmx,libano,14,924,ciudad_de_mexico,09,si
2019,cdmx,lituania,4,1688,ciudad_de_mexico,09,no
2019,cdmx,malasia,6,3590,ciudad_de_mexico,09,no
2019,cdmx,malta,1,292,ciudad_de_mexico,09,no
2019,cdmx,marruecos,4,1416,ciudad_de_mexico,09,si
2019,cdmx,mauritania,2,18,ciudad_de_mexico,09,si
2019,cdmx,nepal,19,362,ciudad_de_mexico,09,si
2019,cdmx,nicaragua,41,12733,ciudad_de_mexico,09,si
2019,cdmx,nigeria,24,1151,ciudad_de_mexico,09,si
2019,cdmx,paises_bajos_holanda,1,37304,ciudad_de_mexico,09,no
2019,cdmx,pakistan,51,1301,ciudad_de_mexico,09,si
2019,cdmx,palestina,2,68,ciudad_de_mexico,09,si
2019,cdmx,panama,46,29518,ciudad_de_mexico,09,no
2019,cdmx,paraguay,26,4826,ciudad_de_mexico,09,no
2019,cdmx,peru,1819,198756,ciudad_de_mexico,09,no
2019,cdmx,polonia,2,17223,ciudad_de_mexico,09,no
2019,cdmx,portugal,4,12548,ciudad_de_mexico,09,no
2019,cdmx,reino_unido,10,82130,ciudad_de_mexico,09,no
2019,cdmx,rumania,56,7019,ciudad_de_mexico,09,no
2019,cdmx,rusia,85,13944,ciudad_de_mexico,09,si
2019,cdmx,san_cristobal_y_nieves,1,51,ciudad_de_mexico,09,no
2019,cdmx,senegal,3,131,ciudad_de_mexico,09,si
2019,cdmx,serbia,2,1461,ciudad_de_mexico,09,si
2019,cdmx,sierra_leona,2,29,ciudad_de_mexico,09,si
2019,cdmx,siria,21,156,ciudad_de_mexico,09,si
2019,cdmx,somalia,1,18,ciudad_de_mexico,09,si
2019,cdmx,sri_lanka,15,317,ciudad_de_mexico,09,si
2019,cdmx,sudafrica,9,3278,ciudad_de_mexico,09,si
2019,cdmx,suecia,4,10437,ciudad_de_mexico,09,no
2019,cdmx,suiza,1,17568,ciudad_de_mexico,09,no
2019,cdmx,surinam,1,127,ciudad_de_mexico,09,si
2019,cdmx,tailandia,2,1643,ciudad_de_mexico,09,si
2019,cdmx,taiwan,13,5277,ciudad_de_mexico,09,si
2019,cdmx,tanzania,1,91,ciudad_de_mexico,09,si
2019,cdmx,tayikistan,18,27,ciudad_de_mexico,09,si
2019,cdmx,togo,3,42,ciudad_de_mexico,09,si
2019,cdmx,tunez,9,634,ciudad_de_mexico,09,si
2019,cdmx,turquia,107,8143,ciudad_de_mexico,09,si
2019,cdmx,ucrania,29,5965,ciudad_de_mexico,09,si
2019,cdmx,uganda,21,171,ciudad_de_mexico,09,si
2019,cdmx,uruguay,21,12159,ciudad_de_mexico,09,no
2019,cdmx,uzbekistan,61,87,ciudad_de_mexico,09,si
2019,cdmx,venezuela,2673,70443,ciudad_de_mexico,09,no
2019,cdmx,vietnam,72,1656,ciudad_de_mexico,09,si
2019,cdmx,yemen,3,38,ciudad_de_mexico,09,si
2019,cdmx,zimbabue,2,355,ciudad_de_mexico,09,no
2019,chichen_itza,ecuador,13,0,yucatan,31,no
2019,chihuahua,el_salvador,1,21,chihuahua,08,si
2019,chihuahua,estados_unidos,4,25500,chihuahua,08,no
2019,colima,estados_unidos,1,18985,colima,06,no
2019,durango,estados_unidos,1,21452,durango,10,no
2019,guadalajara,argentina,2,2050,jalisco,14,no
2019,guadalajara,armenia,4,30,jalisco,14,si
2019,guadalajara,austria,1,284,jalisco,14,no
2019,guadalajara,bolivia,1,269,jalisco,14,no
2019,guadalajara,brasil,1,2953,jalisco,14,no
2019,guadalajara,chile,15,1259,jalisco,14,no
2019,guadalajara,china,1,4187,jalisco,14,si
2019,guadalajara,colombia,70,4640,jalisco,14,no
2019,guadalajara,cuba,1,361,jalisco,14,si
2019,guadalajara,ecuador,19,1236,jalisco,14,no
2019,guadalajara,el_salvador,3,2229,jalisco,14,si
2019,guadalajara,estados_unidos,54,1051787,jalisco,14,no
2019,guadalajara,filipinas,1,552,jalisco,14,si
2019,guadalajara,guatemala,2,1665,jalisco,14,si
2019,guadalajara,haiti,35,136,jalisco,14,si
2019,guadalajara,india,1,3765,jalisco,14,si
2019,guadalajara,nicaragua,2,413,jalisco,14,si
2019,guadalajara,nigeria,2,51,jalisco,14,si
2019,guadalajara,panama,1,2772,jalisco,14,no
2019,guadalajara,peru,42,1463,jalisco,14,no
2019,guadalajara,rusia,2,335,jalisco,14,si
2019,guadalajara,taiwan,2,1194,jalisco,14,si
2019,guadalajara,venezuela,59,2817,jalisco,14,no
2019,loreto,estados_unidos,1,29543,baja_california_sur,03,no
2019,mazatlan,canada,3,53751,sinaloa,25,no
2019,mazatlan,estados_unidos,5,77926,sinaloa,25,no
2019,merida,armenia,1,17,yucatan,31,si
2019,merida,belgica,1,83,yucatan,31,no
2019,merida,cuba,27,10568,yucatan,31,si
2019,merida,dominicana_rep,1,88,yucatan,31,si
2019,merida,ecuador,3,68,yucatan,31,no
2019,merida,espana,2,1459,yucatan,31,no
2019,merida,estados_unidos,2,33866,yucatan,31,no
2019,merida,jamaica,2,144,yucatan,31,no
2019,merida,rusia,4,73,yucatan,31,si
2019,monterrey,alemania,1,4880,nuevo_leon,19,no
2019,monterrey,arabia_saudita,1,36,nuevo_leon,19,si
2019,monterrey,argentina,1,2648,nuevo_leon,19,no
2019,monterrey,armenia,5,31,nuevo_leon,19,si
2019,monterrey,bolivia,2,253,nuevo_leon,19,no
2019,monterrey,brasil,22,4453,nuevo_leon,19,no
2019,monterrey,chile,1,841,nuevo_leon,19,no
2019,monterrey,china,2,3503,nuevo_leon,19,si
2019,monterrey,colombia,18,3289,nuevo_leon,19,no
2019,monterrey,cuba,11,3547,nuevo_leon,19,si
2019,monterrey,dominicana_rep,1,443,nuevo_leon,19,si
2019,monterrey,ecuador,23,951,nuevo_leon,19,no
2019,monterrey,el_salvador,3,502,nuevo_leon,19,si
2019,monterrey,espana,1,3158,nuevo_leon,19,no
2019,monterrey,estados_unidos,15,205551,nuevo_leon,19,no
2019,monterrey,georgia,7,4,nuevo_leon,19,si
2019,monterrey,guatemala,3,435,nuevo_leon,19,si
2019,monterrey,haiti,6,105,nuevo_leon,19,si
2019,monterrey,honduras,1,850,nuevo_leon,19,si
2019,monterrey,india,3,3409,nuevo_leon,19,si
2019,monterrey,kirguistan,2,5,nuevo_leon,19,si
2019,monterrey,nicaragua,8,315,nuevo_leon,19,si
2019,monterrey,panama,2,1590,nuevo_leon,19,no
2019,monterrey,peru,3,867,nuevo_leon,19,no
2019,monterrey,rusia,2,214,nuevo_leon,19,si
2019,monterrey,uzbekistan,3,17,nuevo_leon,19,si
2019,monterrey,venezuela,192,5298,nuevo_leon,19,no
2019,morelia,estados_unidos,3,103212,michoacan_de_ocampo,16,no
2019,oaxaca,estados_unidos,2,34314,oaxaca,20,no
2019,puebla,estados_unidos,1,0,puebla,21,no
2019,puerto_vallarta,bahrein,1,4,jalisco,14,si
2019,puerto_vallarta,brasil,10,1951,jalisco,14,no
2019,puerto_vallarta,canada,11,422496,jalisco,14,no
2019,puerto_vallarta,colombia,2,2870,jalisco,14,no
2019,puerto_vallarta,cuba,1,170,jalisco,14,si
2019,puerto_vallarta,dominicana_rep,1,146,jalisco,14,si
2019,puerto_vallarta,ecuador,19,797,jalisco,14,no
2019,puerto_vallarta,el_salvador,1,520,jalisco,14,si
2019,puerto_vallarta,estados_unidos,61,1005149,jalisco,14,no
2019,puerto_vallarta,haiti,3,38,jalisco,14,si
2019,puerto_vallarta,rusia,1,974,jalisco,14,si
2019,puerto_vallarta,taiwan,5,203,jalisco,14,si
2019,puerto_vallarta,tayikistan,2,2,jalisco,14,si
2019,puerto_vallarta,uzbekistan,3,17,jalisco,14,si
2019,puerto_vallarta,venezuela,7,648,jalisco,14,no
2019,queretaro,estados_unidos,5,94913,queretaro,22,no
2019,san_jose_del_cabo,brasil,1,2180,baja_california,02,no
2019,san_jose_del_cabo,canada,3,192052,baja_california,02,no
2019,san_jose_del_cabo,estados_unidos,76,1528784,baja_california,02,no
2019,san_jose_del_cabo,fiyi_islas,1,51,baja_california,02,si
2019,san_jose_del_cabo,guatemala,1,335,baja_california,02,si
2019,san_jose_del_cabo,honduras,1,176,baja_california,02,si
2019,san_jose_del_cabo,india,1,5868,baja_california,02,si
2019,san_jose_del_cabo,italia,1,2016,baja_california,02,no
2019,san_jose_del_cabo,taiwan,2,475,baja_california,02,si
2019,san_luis,china,1,663,san_luis_potosi,24,si
2019,san_luis,estados_unidos,1,40726,san_luis_potosi,24,no
2019,silao,china,1,2138,guanajuato,11,si
2019,silao,estados_unidos,4,174153,guanajuato,11,no
2019,silao,guatemala,1,222,guanajuato,11,si
2019,silao,italia,1,648,guanajuato,11,no
2019,tijuana,armenia,1,4,baja_california,02,si
2019,tijuana,australia,1,20,baja_california,02,no
2019,tijuana,bangladesh,1,4,baja_california,02,si
2019,tijuana,china,187,16515,baja_california,02,si
2019,tijuana,colombia,3,290,baja_california,02,no
2019,tijuana,estados_unidos,2,2399,baja_california,02,no
2019,tijuana,guinea,2,0,baja_california,02,si
2019,tijuana,india,3,14,baja_california,02,si
2019,tijuana,rusia,16,58,baja_california,02,si
2019,tijuana,siria,1,0,baja_california,02,si
2019,tijuana,taiwan,3,29,baja_california,02,si
2019,tijuana,trinidad_y_tobago,1,2,baja_california,02,no
2019,tijuana,uzbekistan,6,1,baja_california,02,si
2019,toluca,estados_unidos,1,6244,mexico,15,no
2019,toluca,reino_unido,1,162,mexico,15,no
2019,toluca,venezuela,4,247,mexico,15,no
2019,uruapan,estados_unidos,1,0,michoacan_de_ocampo,16,no
2019,zacatecas,estados_unidos,1,40661,zacatecas,32,no
2019,zihuatanejo,canada,1,42485,guerrero,12,no
2019,zihuatanejo,estados_unidos,4,52341,guerrero,12,no
2019,zihuatanejo,honduras,1,7,guerrero,12,si
2019,zihuatanejo,libano,1,7,guerrero,12,si
2019,zihuatanejo,taiwan,1,3,guerrero,12,si
2020,aguascalientes,estados_unidos,3,30089,aguascalientes,01,no
2020,cancun,albania,2,434,quintana_roo,23,si
2020,cancun,alemania,3,37244,quintana_roo,23,no
2020,cancun,andorra,1,33,quintana_roo,23,no
2020,cancun,antigua_y_barbuda,2,60,quintana_roo,23,si
2020,cancun,arabia_saudita,5,467,quintana_roo,23,si
2020,cancun,argelia,5,214,quintana_roo,23,si
2020,cancun,argentina,42,52371,quintana_roo,23,no
2020,cancun,armenia,6,474,quintana_roo,23,si
2020,cancun,azerbaiyan,2,98,quintana_roo,23,si
2020,cancun,bahamas_commonwealth,1,230,quintana_roo,23,no
2020,cancun,belgica,4,7058,quintana_roo,23,no
2020,cancun,belice,1,884,quintana_roo,23,no
2020,cancun,bielorrusia,3,1305,quintana_roo,23,no
2020,cancun,bolivia,11,2079,quintana_roo,23,no
2020,cancun,bosnia_herzegovina,1,296,quintana_roo,23,no
2020,cancun,brasil,217,56305,quintana_roo,23,no
2020,cancun,brunei,1,2,quintana_roo,23,si
2020,cancun,bulgaria,1,2083,quintana_roo,23,no
2020,cancun,burkina_faso,2,17,quintana_roo,23,si
2020,cancun,cabo_verde,1,74,quintana_roo,23,si
2020,cancun,camerun,2,129,quintana_roo,23,si
2020,cancun,canada,33,475843,quintana_roo,23,no
2020,cancun,checa_rep,2,3241,quintana_roo,23,no
2020,cancun,chile,37,27590,quintana_roo,23,no
2020,cancun,china,15,10086,quintana_roo,23,si
2020,cancun,colombia,856,64397,quintana_roo,23,no
2020,cancun,corea_rep_sur,1,9210,quintana_roo,23,no
2020,cancun,costa_de_marfil,1,71,quintana_roo,23,si
2020,cancun,costa_rica,30,16203,quintana_roo,23,no
2020,cancun,croacia,1,871,quintana_roo,23,no
2020,cancun,cuba,129,53664,quintana_roo,23,si
2020,cancun,dominicana_rep,20,4557,quintana_roo,23,si
2020,cancun,ecuador,355,14207,quintana_roo,23,no
2020,cancun,egipto,5,608,quintana_roo,23,si
2020,cancun,el_salvador,6,2172,quintana_roo,23,si
2020,cancun,eslovaquia,1,1551,quintana_roo,23,no
2020,cancun,espana,7,28777,quintana_roo,23,no
2020,cancun,estados_unidos,238,2000491,quintana_roo,23,no
2020,cancun,estonia,1,874,quintana_roo,23,no
2020,cancun,etiopia,1,101,quintana_roo,23,si
2020,cancun,filipinas,6,2070,quintana_roo,23,si
2020,cancun,finlandia,3,2603,quintana_roo,23,no
2020,cancun,francia,12,56765,quintana_roo,23,no
2020,cancun,georgia,12,193,quintana_roo,23,si
2020,cancun,ghana,2,212,quintana_roo,23,si
2020,cancun,granada,2,81,quintana_roo,23,si
2020,cancun,grecia,3,859,quintana_roo,23,no
2020,cancun,guatemala,16,4769,quintana_roo,23,si
2020,cancun,guyana,2,296,quintana_roo,23,si
2020,cancun,haiti,66,723,quintana_roo,23,si
2020,cancun,honduras,16,1398,quintana_roo,23,si
2020,cancun,india,44,7725,quintana_roo,23,si
2020,cancun,irak,1,174,quintana_roo,23,si
2020,cancun,iran,7,1041,quintana_roo,23,si
2020,cancun,irlanda,2,3391,quintana_roo,23,no
2020,cancun,israel,14,6834,quintana_roo,23,no
2020,cancun,italia,14,20492,quintana_roo,23,no
2020,cancun,jamaica,21,3127,quintana_roo,23,no
2020,cancun,japon,1,6698,quintana_roo,23,no
2020,cancun,jordania,3,323,quintana_roo,23,si
2020,cancun,kazajistan,5,553,quintana_roo,23,si
2020,cancun,kenia,1,239,quintana_roo,23,si
2020,cancun,kirguistan,3,127,quintana_roo,23,si
2020,cancun,laos,2,10,quintana_roo,23,si
2020,cancun,letonia,2,691,quintana_roo,23,no
2020,cancun,libano,13,489,quintana_roo,23,si
2020,cancun,liberia,2,114,quintana_roo,23,si
2020,cancun,lituania,1,1737,quintana_roo,23,no
2020,cancun,marruecos,5,758,quintana_roo,23,si
2020,cancun,moldavia,6,759,quintana_roo,23,si
2020,cancun,mongolia,2,82,quintana_roo,23,si
2020,cancun,montenegro,1,93,quintana_roo,23,si
2020,cancun,nicaragua,7,587,quintana_roo,23,si
2020,cancun,nigeria,15,816,quintana_roo,23,si
2020,cancun,noruega,1,1839,quintana_roo,23,no
2020,cancun,paises_bajos_holanda,2,11353,quintana_roo,23,no
2020,cancun,pakistan,3,536,quintana_roo,23,si
2020,cancun,palestina,1,84,quintana_roo,23,si
2020,cancun,panama,7,6870,quintana_roo,23,no
2020,cancun,paraguay,2,4330,quintana_roo,23,no
2020,cancun,peru,160,24510,quintana_roo,23,no
2020,cancun,polonia,1,12455,quintana_roo,23,no
2020,cancun,portugal,1,4460,quintana_roo,23,no
2020,cancun,reino_unido,4,59243,quintana_roo,23,no
2020,cancun,rumania,96,4449,quintana_roo,23,no
2020,cancun,rusia,42,23109,quintana_roo,23,si
2020,cancun,senegal,1,82,quintana_roo,23,si
2020,cancun,serbia,7,1176,quintana_roo,23,si
2020,cancun,siria,1,203,quintana_roo,23,si
2020,cancun,sri_lanka,2,102,quintana_roo,23,si
2020,cancun,sudafrica,7,912,quintana_roo,23,si
2020,cancun,tailandia,2,338,quintana_roo,23,si
2020,cancun,taiwan,10,600,quintana_roo,23,si
2020,cancun,tayikistan,5,75,quintana_roo,23,si
2020,cancun,tunez,2,408,quintana_roo,23,si
2020,cancun,turquia,14,2007,quintana_roo,23,si
2020,cancun,ucrania,39,8097,quintana_roo,23,si
2020,cancun,uganda,1,26,quintana_roo,23,si
2020,cancun,uruguay,17,5502,quintana_roo,23,no
2020,cancun,uzbekistan,20,524,quintana_roo,23,si
2020,cancun,venezuela,319,14855,quintana_roo,23,no
2020,cancun,vietnam,6,738,quintana_roo,23,si
2020,cancun,zimbabue,1,101,quintana_roo,23,no
2020,cdmx,afganistan,11,23,ciudad_de_mexico,09,si
2020,cdmx,albania,1,78,ciudad_de_mexico,09,si
2020,cdmx,alemania,20,41068,ciudad_de_mexico,09,no
2020,cdmx,angola,2,19,ciudad_de_mexico,09,si
2020,cdmx,arabia_saudita,3,154,ciudad_de_mexico,09,si
2020,cdmx,argelia,5,122,ciudad_de_mexico,09,si
2020,cdmx,argentina,124,49511,ciudad_de_mexico,09,no
2020,cdmx,armenia,8,96,ciudad_de_mexico,09,si
2020,cdmx,australia,1,7362,ciudad_de_mexico,09,no
2020,cdmx,austria,6,4405,ciudad_de_mexico,09,no
2020,cdmx,azerbaiyan,2,56,ciudad_de_mexico,09,si
2020,cdmx,bahamas_commonwealth,1,147,ciudad_de_mexico,09,no
2020,cdmx,bangladesh,4,100,ciudad_de_mexico,09,si
2020,cdmx,belgica,2,4526,ciudad_de_mexico,09,no
2020,cdmx,belice,1,296,ciudad_de_mexico,09,no
2020,cdmx,bielorrusia,15,297,ciudad_de_mexico,09,no
2020,cdmx,bolivia,22,3073,ciudad_de_mexico,09,no
2020,cdmx,bosnia_herzegovina,1,95,ciudad_de_mexico,09,no
2020,cdmx,brasil,909,73410,ciudad_de_mexico,09,no
2020,cdmx,bulgaria,9,1027,ciudad_de_mexico,09,no
2020,cdmx,burkina_faso,1,15,ciudad_de_mexico,09,si
2020,cdmx,cabo_verde,1,7,ciudad_de_mexico,09,si
2020,cdmx,camerun,4,60,ciudad_de_mexico,09,si
2020,cdmx,canada,32,93174,ciudad_de_mexico,09,no
2020,cdmx,checa_rep,17,3062,ciudad_de_mexico,09,no
2020,cdmx,chile,191,28762,ciudad_de_mexico,09,no
2020,cdmx,china,329,16542,ciudad_de_mexico,09,si
2020,cdmx,colombia,2797,99912,ciudad_de_mexico,09,no
2020,cdmx,corea_rep_sur,11,21543,ciudad_de_mexico,09,no
2020,cdmx,costa_de_marfil,2,47,ciudad_de_mexico,09,si
2020,cdmx,costa_rica,139,32232,ciudad_de_mexico,09,no
2020,cdmx,croacia,5,1111,ciudad_de_mexico,09,no
2020,cdmx,cuba,124,17924,ciudad_de_mexico,09,si
2020,cdmx,dinamarca,3,3370,ciudad_de_mexico,09,no
2020,cdmx,dominicana_rep,106,4616,ciudad_de_mexico,09,si
2020,cdmx,ecuador,3702,44745,ciudad_de_mexico,09,no
2020,cdmx,egipto,6,519,ciudad_de_mexico,09,si
2020,cdmx,el_salvador,84,16219,ciudad_de_mexico,09,si
2020,cdmx,eritrea,3,4,ciudad_de_mexico,09,si
2020,cdmx,eslovaquia,6,1053,ciudad_de_mexico,09,no
2020,cdmx,eslovenia,2,550,ciudad_de_mexico,09,no
2020,cdmx,espana,89,67372,ciudad_de_mexico,09,no
2020,cdmx,estados_unidos,156,638927,ciudad_de_mexico,09,no
2020,cdmx,estonia,2,399,ciudad_de_mexico,09,no
2020,cdmx,etiopia,4,357,ciudad_de_mexico,09,si
2020,cdmx,filipinas,13,3677,ciudad_de_mexico,09,si
2020,cdmx,finlandia,4,1216,ciudad_de_mexico,09,no
2020,cdmx,francia,28,55065,ciudad_de_mexico,09,no
2020,cdmx,gabon,1,4,ciudad_de_mexico,09,si
2020,cdmx,georgia,15,127,ciudad_de_mexico,09,si
2020,cdmx,ghana,5,110,ciudad_de_mexico,09,si
2020,cdmx,grecia,21,1217,ciudad_de_mexico,09,no
2020,cdmx,guatemala,59,31419,ciudad_de_mexico,09,si
2020,cdmx,guinea,1,79,ciudad_de_mexico,09,si
2020,cdmx,haiti,255,1216,ciudad_de_mexico,09,si
2020,cdmx,honduras,38,7493,ciudad_de_mexico,09,si
2020,cdmx,hong_kong_china,2,424,ciudad_de_mexico,09,no
2020,cdmx,hungria,9,1632,ciudad_de_mexico,09,no
2020,cdmx,india,93,7521,ciudad_de_mexico,09,si
2020,cdmx,indonesia,8,622,ciudad_de_mexico,09,si
2020,cdmx,irak,3,26,ciudad_de_mexico,09,si
2020,cdmx,iran,12,525,ciudad_de_mexico,09,si
2020,cdmx,irlanda,8,2451,ciudad_de_mexico,09,no
2020,cdmx,israel,34,4739,ciudad_de_mexico,09,no
2020,cdmx,italia,40,22040,ciudad_de_mexico,09,no
2020,cdmx,jamaica,32,868,ciudad_de_mexico,09,no
2020,cdmx,jordania,9,108,ciudad_de_mexico,09,si
2020,cdmx,kazajistan,14,143,ciudad_de_mexico,09,si
2020,cdmx,kenia,6,248,ciudad_de_mexico,09,si
2020,cdmx,kirguistan,6,18,ciudad_de_mexico,09,si
2020,cdmx,kuwait,1,58,ciudad_de_mexico,09,no
2020,cdmx,lesoto,1,2,ciudad_de_mexico,09,si
2020,cdmx,libano,15,383,ciudad_de_mexico,09,si
2020,cdmx,liberia,5,5,ciudad_de_mexico,09,si
2020,cdmx,libia,3,28,ciudad_de_mexico,09,si
2020,cdmx,lituania,4,937,ciudad_de_mexico,09,no
2020,cdmx,macedonia,3,56,ciudad_de_mexico,09,si
2020,cdmx,malasia,30,1130,ciudad_de_mexico,09,no
2020,cdmx,malta,4,99,ciudad_de_mexico,09,no
2020,cdmx,marruecos,7,434,ciudad_de_mexico,09,si
2020,cdmx,mauritania,2,6,ciudad_de_mexico,09,si
2020,cdmx,mianmar_birmania,1,102,ciudad_de_mexico,09,si
2020,cdmx,micronesia_rep,1,9,ciudad_de_mexico,09,no
2020,cdmx,mongolia,2,29,ciudad_de_mexico,09,si
2020,cdmx,montenegro,1,53,ciudad_de_mexico,09,si
2020,cdmx,mozambique,1,14,ciudad_de_mexico,09,si
2020,cdmx,nepal,3,92,ciudad_de_mexico,09,si
2020,cdmx,nicaragua,33,3950,ciudad_de_mexico,09,si
2020,cdmx,nigeria,15,381,ciudad_de_mexico,09,si
2020,cdmx,noruega,9,2027,ciudad_de_mexico,09,no
2020,cdmx,nueva_zelandia,1,1267,ciudad_de_mexico,09,no
2020,cdmx,paises_bajos_holanda,7,15900,ciudad_de_mexico,09,no
2020,cdmx,pakistan,27,431,ciudad_de_mexico,09,si
2020,cdmx,palestina,5,20,ciudad_de_mexico,09,si
2020,cdmx,panama,32,8598,ciudad_de_mexico,09,no
2020,cdmx,paraguay,12,1338,ciudad_de_mexico,09,no
2020,cdmx,peru,905,50507,ciudad_de_mexico,09,no
2020,cdmx,polonia,18,8606,ciudad_de_mexico,09,no
2020,cdmx,portugal,10,4478,ciudad_de_mexico,09,no
2020,cdmx,reino_unido,27,26411,ciudad_de_mexico,09,no
2020,cdmx,rumania,289,2453,ciudad_de_mexico,09,no
2020,cdmx,rusia,148,6055,ciudad_de_mexico,09,si
2020,cdmx,santo_tome_y_principe,2,2,ciudad_de_mexico,09,si
2020,cdmx,senegal,2,51,ciudad_de_mexico,09,si
2020,cdmx,serbia,15,627,ciudad_de_mexico,09,si
2020,cdmx,siria,11,77,ciudad_de_mexico,09,si
2020,cdmx,somalia,1,1,ciudad_de_mexico,09,si
2020,cdmx,sri_lanka,1,115,ciudad_de_mexico,09,si
2020,cdmx,sudafrica,6,978,ciudad_de_mexico,09,si
2020,cdmx,suecia,9,3910,ciudad_de_mexico,09,no
2020,cdmx,suiza,9,6982,ciudad_de_mexico,09,no
2020,cdmx,tailandia,2,366,ciudad_de_mexico,09,si
2020,cdmx,taiwan,1,1133,ciudad_de_mexico,09,si
2020,cdmx,trinidad_y_tobago,3,426,ciudad_de_mexico,09,no
2020,cdmx,turkmenistan,2,2,ciudad_de_mexico,09,si
2020,cdmx,turquia,121,3918,ciudad_de_mexico,09,si
2020,cdmx,ucrania,169,3668,ciudad_de_mexico,09,si
2020,cdmx,uganda,12,24,ciudad_de_mexico,09,si
2020,cdmx,uruguay,22,3036,ciudad_de_mexico,09,no
2020,cdmx,uzbekistan,15,40,ciudad_de_mexico,09,si
2020,cdmx,venezuela,804,21526,ciudad_de_mexico,09,no
2020,cdmx,vietnam,9,393,ciudad_de_mexico,09,si
2020,cdmx,zimbabue,2,41,ciudad_de_mexico,09,no
2020,chichen_itza,ecuador,210,0,yucatan,31,no
2020,chichen_itza,estados_unidos,4,0,yucatan,31,no
2020,chihuahua,ecuador,1,12,chihuahua,08,no
2020,chihuahua,el_salvador,1,8,chihuahua,08,si
2020,cozumel,bahamas_commonwealth,6,10,quintana_roo,23,no
2020,cozumel,colombia,1,198,quintana_roo,23,no
2020,durango,cuba,1,7,durango,10,si
2020,guadalajara,colombia,31,1936,jalisco,14,no
2020,guadalajara,costa_rica,2,380,jalisco,14,no
2020,guadalajara,ecuador,5,410,jalisco,14,no
2020,guadalajara,el_salvador,3,729,jalisco,14,si
2020,guadalajara,estados_unidos,32,597989,jalisco,14,no
2020,guadalajara,filipinas,1,153,jalisco,14,si
2020,guadalajara,guatemala,2,990,jalisco,14,si
2020,guadalajara,nicaragua,1,188,jalisco,14,si
2020,guadalajara,panama,1,634,jalisco,14,no
2020,guadalajara,peru,5,516,jalisco,14,no
2020,guadalajara,taiwan,1,317,jalisco,14,si
2020,guadalajara,venezuela,16,819,jalisco,14,no
2020,mazatlan,canada,1,29977,sinaloa,25,no
2020,mazatlan,estados_unidos,2,41762,sinaloa,25,no
2020,merida,brasil,1,70,yucatan,31,no
2020,merida,cuba,1,3625,yucatan,31,si
2020,merida,estados_unidos,4,13694,yucatan,31,no
2020,merida,jamaica,1,64,yucatan,31,no
2020,merida,venezuela,2,158,yucatan,31,no
2020,monterrey,argentina,3,600,nuevo_leon,19,no
2020,monterrey,chile,6,252,nuevo_leon,19,no
2020,monterrey,colombia,6,1044,nuevo_leon,19,no
2020,monterrey,costa_rica,1,159,nuevo_leon,19,no
2020,monterrey,cuba,5,1584,nuevo_leon,19,si
2020,monterrey,dinamarca,1,92,nuevo_leon,19,no
2020,monterrey,dominicana_rep,1,156,nuevo_leon,19,si
2020,monterrey,ecuador,7,293,nuevo_leon,19,no
2020,monterrey,el_salvador,2,224,nuevo_leon,19,si
2020,monterrey,espana,1,779,nuevo_leon,19,no
2020,monterrey,estados_unidos,13,73577,nuevo_leon,19,no
2020,monterrey,guatemala,2,214,nuevo_leon,19,si
2020,monterrey,haiti,9,31,nuevo_leon,19,si
2020,monterrey,honduras,1,410,nuevo_leon,19,si
2020,monterrey,india,1,1056,nuevo_leon,19,si
2020,monterrey,nicaragua,2,113,nuevo_leon,19,si
2020,monterrey,panama,1,378,nuevo_leon,19,no
2020,monterrey,peru,2,331,nuevo_leon,19,no
2020,monterrey,venezuela,40,1171,nuevo_leon,19,no
2020,morelia,estados_unidos,6,60521,michoacan_de_ocampo,16,no
2020,oaxaca,estados_unidos,1,14649,oaxaca,20,no
2020,puebla,costa_de_marfil,1,0,puebla,21,si
2020,puebla,sudafrica,1,0,puebla,21,si
2020,puerto_vallarta,canada,1,204615,jalisco,14,no
2020,puerto_vallarta,chile,4,180,jalisco,14,no
2020,puerto_vallarta,colombia,2,851,jalisco,14,no
2020,puerto_vallarta,estados_unidos,29,504843,jalisco,14,no
2020,puerto_vallarta,guatemala,1,161,jalisco,14,si
2020,puerto_vallarta,haiti,10,30,jalisco,14,si
2020,puerto_vallarta,honduras,1,72,jalisco,14,si
2020,puerto_vallarta,reino_unido,1,9570,jalisco,14,no
2020,puerto_vallarta,rusia,1,524,jalisco,14,si
2020,puerto_vallarta,serbia,1,33,jalisco,14,si
2020,puerto_vallarta,venezuela,3,194,jalisco,14,no
2020,queretaro,estados_unidos,2,33842,queretaro,22,no
2020,san_jose_del_cabo,brasil,1,698,baja_california,02,no
2020,san_jose_del_cabo,canada,2,76575,baja_california,02,no
2020,san_jose_del_cabo,ecuador,1,132,baja_california,02,no
2020,san_jose_del_cabo,estados_unidos,36,799068,baja_california,02,no
2020,san_jose_del_cabo,taiwan,1,87,baja_california,02,si
2020,san_luis,estados_unidos,3,20317,san_luis_potosi,24,no
2020,silao,estados_unidos,4,82049,guanajuato,11,no
2020,silao,venezuela,2,39,guanajuato,11,no
2020,tapachula,guatemala,2,0,chiapas,07,si
2020,tijuana,china,15,0,baja_california,02,si
2020,tijuana,rusia,1,0,baja_california,02,si
2020,toluca,estados_unidos,1,3304,mexico,15,no
2020,toluca,rusia,4,2,mexico,15,si
2020,toluca,venezuela,1,1397,mexico,15,no
2020,zacatecas,estados_unidos,1,18562,zacatecas,32,no
2021,cancun,afganistan,8,55,quintana_roo,23,si
2021,cancun,albania,3,642,quintana_roo,23,si
2021,cancun,alemania,6,30395,quintana_roo,23,no
2021,cancun,andorra,1,65,quintana_roo,23,no
2021,cancun,angola,1,21,quintana_roo,23,si
2021,cancun,antigua_y_barbuda,1,104,quintana_roo,23,si
2021,cancun,arabia_saudita,4,364,quintana_roo,23,si
2021,cancun,argelia,1,251,quintana_roo,23,si
2021,cancun,argentina,105,28569,quintana_roo,23,no
2021,cancun,armenia,25,1228,quintana_roo,23,si
2021,cancun,austria,3,2597,quintana_roo,23,no
2021,cancun,azerbaiyan,12,178,quintana_roo,23,si
2021,cancun,bahamas_commonwealth,3,381,quintana_roo,23,no
2021,cancun,bangladesh,10,246,quintana_roo,23,si
2021,cancun,belgica,3,3372,quintana_roo,23,no
2021,cancun,belice,14,1525,quintana_roo,23,no
2021,cancun,bielorrusia,8,1365,quintana_roo,23,no
2021,cancun,bolivia,62,4543,quintana_roo,23,no
2021,cancun,bosnia_herzegovina,1,474,quintana_roo,23,no
2021,cancun,brasil,2640,90149,quintana_roo,23,no
2021,cancun,cabo_verde,4,168,quintana_roo,23,si
2021,cancun,camerun,9,151,quintana_roo,23,si
2021,cancun,canada,5,46124,quintana_roo,23,no
2021,cancun,chile,105,22414,quintana_roo,23,no
2021,cancun,china,16,2981,quintana_roo,23,si
2021,cancun,colombia,1771,113832,quintana_roo,23,no
2021,cancun,congo_rep,5,7,quintana_roo,23,no
2021,cancun,costa_de_marfil,1,58,quintana_roo,23,si
2021,cancun,costa_rica,63,24971,quintana_roo,23,no
2021,cancun,cuba,205,25870,quintana_roo,23,si
2021,cancun,dinamarca,8,1289,quintana_roo,23,no
2021,cancun,dominicana_rep,33,6596,quintana_roo,23,si
2021,cancun,ecuador,2479,23662,quintana_roo,23,no
2021,cancun,egipto,5,659,quintana_roo,23,si
2021,cancun,el_salvador,13,3376,quintana_roo,23,si
2021,cancun,emiratos_arabes_unidos,1,52,quintana_roo,23,no
2021,cancun,eslovaquia,1,1264,quintana_roo,23,no
2021,cancun,eslovenia,3,729,quintana_roo,23,no
2021,cancun,espana,21,49272,quintana_roo,23,no
2021,cancun,estados_unidos,300,3034505,quintana_roo,23,no
2021,cancun,etiopia,6,209,quintana_roo,23,si
2021,cancun,filipinas,10,2404,quintana_roo,23,si
2021,cancun,finlandia,4,430,quintana_roo,23,no
2021,cancun,francia,25,33356,quintana_roo,23,no
2021,cancun,georgia,10,242,quintana_roo,23,si
2021,cancun,ghana,6,325,quintana_roo,23,si
2021,cancun,granada,6,100,quintana_roo,23,si
2021,cancun,guatemala,16,7988,quintana_roo,23,si
2021,cancun,guinea,1,41,quintana_roo,23,si
2021,cancun,guyana,2,485,quintana_roo,23,si
2021,cancun,haiti,226,1254,quintana_roo,23,si
2021,cancun,honduras,15,2100,quintana_roo,23,si
2021,cancun,hungria,3,2682,quintana_roo,23,no
2021,cancun,india,85,12268,quintana_roo,23,si
2021,cancun,indonesia,3,237,quintana_roo,23,si
2021,cancun,irak,6,159,quintana_roo,23,si
2021,cancun,iran,27,1047,quintana_roo,23,si
2021,cancun,irlanda,6,2286,quintana_roo,23,no
2021,cancun,israel,7,6297,quintana_roo,23,no
2021,cancun,italia,14,12628,quintana_roo,23,no
2021,cancun,jamaica,114,2968,quintana_roo,23,no
2021,cancun,jordania,6,331,quintana_roo,23,si
2021,cancun,kazajistan,12,543,quintana_roo,23,si
2021,cancun,kenia,5,370,quintana_roo,23,si
2021,cancun,kirguistan,28,143,quintana_roo,23,si
2021,cancun,letonia,1,464,quintana_roo,23,no
2021,cancun,libano,4,546,quintana_roo,23,si
2021,cancun,liberia,2,173,quintana_roo,23,si
2021,cancun,macedonia,10,407,quintana_roo,23,si
2021,cancun,marruecos,2,538,quintana_roo,23,si
2021,cancun,mauricio,1,23,quintana_roo,23,si
2021,cancun,mianmar_birmania,2,26,quintana_roo,23,si
2021,cancun,moldavia,4,832,quintana_roo,23,si
2021,cancun,mongolia,1,100,quintana_roo,23,si
2021,cancun,mozambique,1,4,quintana_roo,23,si
2021,cancun,nepal,22,554,quintana_roo,23,si
2021,cancun,nicaragua,14,759,quintana_roo,23,si
2021,cancun,nigeria,26,1274,quintana_roo,23,si
2021,cancun,paises_bajos_holanda,3,4363,quintana_roo,23,no
2021,cancun,pakistan,7,817,quintana_roo,23,si
2021,cancun,panama,29,6902,quintana_roo,23,no
2021,cancun,paraguay,14,4763,quintana_roo,23,no
2021,cancun,peru,427,30856,quintana_roo,23,no
2021,cancun,polonia,8,27244,quintana_roo,23,no
2021,cancun,portugal,5,9094,quintana_roo,23,no
2021,cancun,reino_unido,9,23177,quintana_roo,23,no
2021,cancun,rumania,896,7927,quintana_roo,23,no
2021,cancun,rusia,117,26976,quintana_roo,23,si
2021,cancun,senegal,2,85,quintana_roo,23,si
2021,cancun,serbia,7,1312,quintana_roo,23,si
2021,cancun,sierra_leona,1,63,quintana_roo,23,si
2021,cancun,siria,1,220,quintana_roo,23,si
2021,cancun,sri_lanka,2,111,quintana_roo,23,si
2021,cancun,sudafrica,11,1431,quintana_roo,23,si
2021,cancun,sudan,1,14,quintana_roo,23,si
2021,cancun,suecia,5,2081,quintana_roo,23,no
2021,cancun,suiza,1,14364,quintana_roo,23,no
2021,cancun,tailandia,8,387,quintana_roo,23,si
2021,cancun,taiwan,6,274,quintana_roo,23,si
2021,cancun,tayikistan,1,101,quintana_roo,23,si
2021,cancun,togo,2,19,quintana_roo,23,si
2021,cancun,trinidad_y_tobago,1,807,quintana_roo,23,no
2021,cancun,tunez,3,208,quintana_roo,23,si
2021,cancun,turquia,243,2673,quintana_roo,23,si
2021,cancun,ucrania,32,10878,quintana_roo,23,si
2021,cancun,uruguay,25,5880,quintana_roo,23,no
2021,cancun,uzbekistan,39,810,quintana_roo,23,si
2021,cancun,venezuela,3359,55796,quintana_roo,23,no
2021,cancun,vietnam,19,1558,quintana_roo,23,si
2021,cancun,yemen,3,26,quintana_roo,23,si
2021,cancun,zimbabue,3,106,quintana_roo,23,no
2021,cdmx,afganistan,6,404,ciudad_de_mexico,09,si
2021,cdmx,albania,5,58,ciudad_de_mexico,09,si
2021,cdmx,alemania,18,32062,ciudad_de_mexico,09,no
2021,cdmx,angola,3,22,ciudad_de_mexico,09,si
2021,cdmx,antigua_y_barbuda,1,8,ciudad_de_mexico,09,si
2021,cdmx,argentina,42,29519,ciudad_de_mexico,09,no
2021,cdmx,armenia,9,78,ciudad_de_mexico,09,si
2021,cdmx,australia,3,2063,ciudad_de_mexico,09,no
2021,cdmx,austria,3,3345,ciudad_de_mexico,09,no
2021,cdmx,azerbaiyan,4,84,ciudad_de_mexico,09,si
2021,cdmx,bangladesh,2,133,ciudad_de_mexico,09,si
2021,cdmx,belgica,4,4261,ciudad_de_mexico,09,no
2021,cdmx,belice,1,219,ciudad_de_mexico,09,no
2021,cdmx,bielorrusia,15,330,ciudad_de_mexico,09,no
2021,cdmx,bolivia,1036,2757,ciudad_de_mexico,09,no
2021,cdmx,brasil,3304,96179,ciudad_de_mexico,09,no
2021,cdmx,bulgaria,7,779,ciudad_de_mexico,09,no
2021,cdmx,camerun,9,71,ciudad_de_mexico,09,si
2021,cdmx,canada,10,26078,ciudad_de_mexico,09,no
2021,cdmx,checa_rep,6,2388,ciudad_de_mexico,09,no
2021,cdmx,chile,193,16830,ciudad_de_mexico,09,no
2021,cdmx,china,135,9953,ciudad_de_mexico,09,si
2021,cdmx,chipre,1,99,ciudad_de_mexico,09,no
2021,cdmx,colombia,2141,103123,ciudad_de_mexico,09,no
2021,cdmx,congo_rep,5,9,ciudad_de_mexico,09,no
2021,cdmx,corea_rep_sur,2,9443,ciudad_de_mexico,09,no
2021,cdmx,costa_rica,136,29767,ciudad_de_mexico,09,no
2021,cdmx,croacia,1,808,ciudad_de_mexico,09,no
2021,cdmx,cuba,139,6250,ciudad_de_mexico,09,si
2021,cdmx,dinamarca,2,1925,ciudad_de_mexico,09,no
2021,cdmx,dominicana_rep,95,4553,ciudad_de_mexico,09,si
2021,cdmx,ecuador,9714,81138,ciudad_de_mexico,09,no
2021,cdmx,egipto,5,399,ciudad_de_mexico,09,si
2021,cdmx,el_salvador,52,11820,ciudad_de_mexico,09,si
2021,cdmx,eritrea,7,2,ciudad_de_mexico,09,si
2021,cdmx,eslovaquia,2,842,ciudad_de_mexico,09,no
2021,cdmx,espana,48,69834,ciudad_de_mexico,09,no
2021,cdmx,estados_unidos,79,623283,ciudad_de_mexico,09,no
2021,cdmx,estonia,1,545,ciudad_de_mexico,09,no
2021,cdmx,etiopia,3,334,ciudad_de_mexico,09,si
2021,cdmx,filipinas,8,3370,ciudad_de_mexico,09,si
2021,cdmx,finlandia,2,806,ciudad_de_mexico,09,no
2021,cdmx,francia,26,43895,ciudad_de_mexico,09,no
2021,cdmx,georgia,16,173,ciudad_de_mexico,09,si
2021,cdmx,ghana,11,77,ciudad_de_mexico,09,si
2021,cdmx,grecia,1,1053,ciudad_de_mexico,09,no
2021,cdmx,guatemala,35,20299,ciudad_de_mexico,09,si
2021,cdmx,guinea,1,66,ciudad_de_mexico,09,si
2021,cdmx,guinea_bissau,1,0,ciudad_de_mexico,09,si
2021,cdmx,guyana,2,34,ciudad_de_mexico,09,si
2021,cdmx,haiti,501,3718,ciudad_de_mexico,09,si
2021,cdmx,honduras,31,7349,ciudad_de_mexico,09,si
2021,cdmx,hong_kong_china,3,145,ciudad_de_mexico,09,no
2021,cdmx,hungria,10,1452,ciudad_de_mexico,09,no
2021,cdmx,india,130,29903,ciudad_de_mexico,09,si
2021,cdmx,indonesia,5,434,ciudad_de_mexico,09,si
2021,cdmx,irak,20,26,ciudad_de_mexico,09,si
2021,cdmx,iran,19,281,ciudad_de_mexico,09,si
2021,cdmx,irlanda,5,1612,ciudad_de_mexico,09,no
2021,cdmx,israel,9,3453,ciudad_de_mexico,09,no
2021,cdmx,italia,17,18370,ciudad_de_mexico,09,no
2021,cdmx,jamaica,53,430,ciudad_de_mexico,09,no
2021,cdmx,japon,1,8736,ciudad_de_mexico,09,no
2021,cdmx,jordania,1,107,ciudad_de_mexico,09,si
2021,cdmx,kazajistan,1,117,ciudad_de_mexico,09,si
2021,cdmx,kenia,4,161,ciudad_de_mexico,09,si
2021,cdmx,kirguistan,7,25,ciudad_de_mexico,09,si
2021,cdmx,letonia,1,496,ciudad_de_mexico,09,no
2021,cdmx,libano,15,329,ciudad_de_mexico,09,si
2021,cdmx,lituania,4,1038,ciudad_de_mexico,09,no
2021,cdmx,malasia,5,538,ciudad_de_mexico,09,no
2021,cdmx,malaui,1,5,ciudad_de_mexico,09,no
2021,cdmx,mali,2,6,ciudad_de_mexico,09,si
2021,cdmx,malta,1,77,ciudad_de_mexico,09,no
2021,cdmx,marruecos,11,393,ciudad_de_mexico,09,si
2021,cdmx,mauritania,1,4,ciudad_de_mexico,09,si
2021,cdmx,moldavia,1,57,ciudad_de_mexico,09,si
2021,cdmx,nepal,5,76,ciudad_de_mexico,09,si
2021,cdmx,nicaragua,46,2716,ciudad_de_mexico,09,si
2021,cdmx,nigeria,18,430,ciudad_de_mexico,09,si
2021,cdmx,noruega,5,1304,ciudad_de_mexico,09,no
2021,cdmx,nueva_zelandia,1,500,ciudad_de_mexico,09,no
2021,cdmx,paises_bajos_holanda,10,13080,ciudad_de_mexico,09,no
2021,cdmx,pakistan,18,394,ciudad_de_mexico,09,si
2021,cdmx,palestina,1,18,ciudad_de_mexico,09,si
2021,cdmx,panama,40,7875,ciudad_de_mexico,09,no
2021,cdmx,paraguay,25,1415,ciudad_de_mexico,09,no
2021,cdmx,peru,466,33372,ciudad_de_mexico,09,no
2021,cdmx,polonia,14,6332,ciudad_de_mexico,09,no
2021,cdmx,portugal,5,4032,ciudad_de_mexico,09,no
2021,cdmx,qatar,1,59,ciudad_de_mexico,09,si
2021,cdmx,reino_unido,17,18014,ciudad_de_mexico,09,no
2021,cdmx,rumania,220,1953,ciudad_de_mexico,09,no
2021,cdmx,rusia,90,6098,ciudad_de_mexico,09,si
2021,cdmx,serbia,4,401,ciudad_de_mexico,09,si
2021,cdmx,sierra_leona,1,17,ciudad_de_mexico,09,si
2021,cdmx,singapur,2,198,ciudad_de_mexico,09,no
2021,cdmx,siria,5,44,ciudad_de_mexico,09,si
2021,cdmx,somalia,7,3,ciudad_de_mexico,09,si
2021,cdmx,sri_lanka,2,90,ciudad_de_mexico,09,si
2021,cdmx,sudafrica,4,1081,ciudad_de_mexico,09,si
2021,cdmx,sudan,1,10,ciudad_de_mexico,09,si
2021,cdmx,suecia,3,2362,ciudad_de_mexico,09,no
2021,cdmx,suiza,6,7193,ciudad_de_mexico,09,no
2021,cdmx,tailandia,1,277,ciudad_de_mexico,09,si
2021,cdmx,taiwan,2,431,ciudad_de_mexico,09,si
2021,cdmx,trinidad_y_tobago,2,188,ciudad_de_mexico,09,no
2021,cdmx,tunez,1,163,ciudad_de_mexico,09,si
2021,cdmx,turquia,193,4885,ciudad_de_mexico,09,si
2021,cdmx,ucrania,68,4507,ciudad_de_mexico,09,si
2021,cdmx,uruguay,13,2462,ciudad_de_mexico,09,no
2021,cdmx,uzbekistan,7,31,ciudad_de_mexico,09,si
2021,cdmx,venezuela,1551,38244,ciudad_de_mexico,09,no
2021,cdmx,vietnam,1,162,ciudad_de_mexico,09,si
2021,cdmx,yemen,7,17,ciudad_de_mexico,09,si
2021,chichen_itza,brasil,15,0,yucatan,31,no
2021,chichen_itza,colombia,1,0,yucatan,31,no
2021,chichen_itza,ecuador,611,0,yucatan,31,no
2021,colima,estados_unidos,2,8750,colima,06,no
2021,cozumel,brasil,1,622,quintana_roo,23,no
2021,cozumel,estados_unidos,3,117052,quintana_roo,23,no
2021,cozumel,filipinas,1,35,quintana_roo,23,si
2021,guadalajara,bolivia,5,164,jalisco,14,no
2021,guadalajara,brasil,102,899,jalisco,14,no
2021,guadalajara,colombia,32,3006,jalisco,14,no
2021,guadalajara,cuba,11,230,jalisco,14,si
2021,guadalajara,dominicana_rep,1,177,jalisco,14,si
2021,guadalajara,ecuador,47,944,jalisco,14,no
2021,guadalajara,estados_unidos,16,539094,jalisco,14,no
2021,guadalajara,filipinas,1,85,jalisco,14,si
2021,guadalajara,guatemala,2,709,jalisco,14,si
2021,guadalajara,italia,1,362,jalisco,14,no
2021,guadalajara,nicaragua,2,160,jalisco,14,si
2021,guadalajara,peru,4,693,jalisco,14,no
2021,guadalajara,rusia,2,133,jalisco,14,si
2021,guadalajara,turquia,4,31,jalisco,14,si
2021,guadalajara,venezuela,4,893,jalisco,14,no
2021,mazatlan,estados_unidos,3,31532,sinaloa,25,no
2021,merida,alemania,1,66,yucatan,31,no
2021,merida,cuba,1,261,yucatan,31,si
2021,monterrey,argentina,1,811,nuevo_leon,19,no
2021,monterrey,bolivia,3,124,nuevo_leon,19,no
2021,monterrey,brasil,21,756,nuevo_leon,19,no
2021,monterrey,chile,2,261,nuevo_leon,19,no
2021,monterrey,colombia,44,1309,nuevo_leon,19,no
2021,monterrey,costa_rica,1,157,nuevo_leon,19,no
2021,monterrey,ecuador,48,458,nuevo_leon,19,no
2021,monterrey,el_salvador,2,245,nuevo_leon,19,si
2021,monterrey,estados_unidos,4,64747,nuevo_leon,19,no
2021,monterrey,haiti,2,29,nuevo_leon,19,si
2021,monterrey,honduras,1,598,nuevo_leon,19,si
2021,monterrey,india,4,495,nuevo_leon,19,si
2021,monterrey,nicaragua,5,113,nuevo_leon,19,si
2021,monterrey,nigeria,1,27,nuevo_leon,19,si
2021,monterrey,panama,2,439,nuevo_leon,19,no
2021,monterrey,peru,8,451,nuevo_leon,19,no
2021,monterrey,rusia,1,29,nuevo_leon,19,si
2021,monterrey,venezuela,41,1104,nuevo_leon,19,no
2021,monterrey,vietnam,1,10,nuevo_leon,19,si
2021,morelia,el_salvador,1,42,michoacan_de_ocampo,16,si
2021,morelia,estados_unidos,3,63749,michoacan_de_ocampo,16,no
2021,puerto_vallarta,canada,1,10444,jalisco,14,no
2021,puerto_vallarta,dominicana_rep,1,97,jalisco,14,si
2021,puerto_vallarta,estados_unidos,31,590751,jalisco,14,no
2021,puerto_vallarta,filipinas,2,325,jalisco,14,si
2021,puerto_vallarta,haiti,1,25,jalisco,14,si
2021,puerto_vallarta,india,1,634,jalisco,14,si
2021,puerto_vallarta,nigeria,1,72,jalisco,14,si
2021,puerto_vallarta,sudafrica,1,134,jalisco,14,si
2021,queretaro,alemania,1,220,queretaro,22,no
2021,queretaro,estados_unidos,1,38721,queretaro,22,no
2021,san_jose_del_cabo,estados_unidos,56,1040732,baja_california,02,no
2021,san_jose_del_cabo,laos,1,1,baja_california,02,si
2021,san_jose_del_cabo,sudafrica,1,195,baja_california,02,si
2021,san_luis,estados_unidos,1,22518,san_luis_potosi,24,no
2021,silao,estados_unidos,6,88782,guanajuato,11,no
2021,silao,guatemala,1,48,guanajuato,11,si
2021,tijuana,estados_unidos,2,0,baja_california,02,no
